City,Date,TMIN,TMAX
Colombo,2018-01-01,29.4,37.4
Colombo,2018-01-02,25.3,34.3
Colombo,2018-01-03,25.8,31.9
Colombo,2018-01-04,25.0,31.5
Colombo,2018-01-05,25.3,34.6
Colombo,2018-01-06,23.4,29.7
Colombo,2018-01-07,22.3,30.3
Colombo,2018-01-08,25.2,32.2
Colombo,2018-01-09,20.0,26.5
Colombo,2018-01-10,25.5,31.0
Colombo,2018-01-11,25.1,34.1
Colombo,2018-01-12,22.8,32.4
Colombo,2018-01-13,24.4,31.6
Colombo,2018-01-14,22.5,31.1
Colombo,2018-01-15,22.1,28.0
Colombo,2018-01-16,25.9,33.0
Colombo,2018-01-17,24.4,34.1
Colombo,2018-01-18,28.0,37.1
Colombo,2018-01-19,29.2,36.2
Colombo,2018-01-20,25.4,30.4
Colombo,2018-01-21,24.6,32.7
Colombo,2018-01-22,27.4,34.5
Colombo,2018-01-23,20.6,29.7
Colombo,2018-01-24,21.7,30.5
Colombo,2018-01-25,23.7,31.0
Colombo,2018-01-26,24.8,32.3
Colombo,2018-01-27,24.3,31.6
Colombo,2018-01-28,24.4,32.1
Colombo,2018-01-29,25.6,35.2
Colombo,2018-01-30,24.1,33.0
Colombo,2018-01-31,25.3,30.6
Colombo,2018-02-01,24.7,31.6
Colombo,2018-02-02,23.0,28.1
Colombo,2018-02-03,22.5,27.7
Colombo,2018-02-04,22.1,28.2
Colombo,2018-02-05,25.0,33.7
Colombo,2018-02-06,23.8,30.9
Colombo,2018-02-07,27.8,33.1
Colombo,2018-02-08,24.5,31.3
Colombo,2018-02-09,28.0,37.4
Colombo,2018-02-10,22.0,30.8
Colombo,2018-02-11,24.4,29.5
Colombo,2018-02-12,21.7,28.2
Colombo,2018-02-13,24.0,31.2
Colombo,2018-02-14,26.1,33.1
Colombo,2018-02-15,23.7,30.6
Colombo,2018-02-16,23.9,33.2
Colombo,2018-02-17,25.3,31.5
Colombo,2018-02-18,28.3,37.0
Colombo,2018-02-19,22.8,29.2
Colombo,2018-02-20,22.5,29.7
Colombo,2018-02-21,23.3,32.5
Colombo,2018-02-22,24.3,33.8
Colombo,2018-02-23,23.0,28.3
Colombo,2018-02-24,25.1,31.9
Colombo,2018-02-25,26.0,35.1
Colombo,2018-02-26,22.1,29.9
Colombo,2018-02-27,27.7,34.9
Colombo,2018-02-28,21.7,30.3
Colombo,2018-03-01,25.2,32.2
Colombo,2018-03-02,24.8,31.7
Colombo,2018-03-03,28.2,35.5
Colombo,2018-03-04,23.2,29.7
Colombo,2018-03-05,24.5,32.1
Colombo,2018-03-06,25.4,30.7
Colombo,2018-03-07,26.1,31.4
Colombo,2018-03-08,23.9,29.5
Colombo,2018-03-09,27.9,37.4
Colombo,2018-03-10,22.0,31.6
Colombo,2018-03-11,22.5,31.5
Colombo,2018-03-12,24.4,30.6
Colombo,2018-03-13,22.5,30.7
Colombo,2018-03-14,21.2,30.2
Colombo,2018-03-15,27.0,34.2
Colombo,2018-03-16,25.9,34.8
Colombo,2018-03-17,19.7,26.0
Colombo,2018-03-18,26.0,35.2
Colombo,2018-03-19,26.4,31.8
Colombo,2018-03-20,21.9,28.4
Colombo,2018-03-21,26.6,35.5
Colombo,2018-03-22,21.1,30.4
Colombo,2018-03-23,23.0,30.7
Colombo,2018-03-24,23.7,28.9
Colombo,2018-03-25,25.0,31.0
Colombo,2018-03-26,24.8,30.0
Colombo,2018-03-27,24.4,29.5
Colombo,2018-03-28,22.3,31.7
Colombo,2018-03-29,27.1,34.5
Colombo,2018-03-30,25.3,33.6
Colombo,2018-03-31,22.9,31.4
Colombo,2018-04-01,22.9,31.5
Colombo,2018-04-02,26.8,35.2
Colombo,2018-04-03,25.3,33.1
Colombo,2018-04-04,22.2,27.5
Colombo,2018-04-05,23.2,30.1
Colombo,2018-04-06,26.1,31.7
Colombo,2018-04-07,20.1,29.4
Colombo,2018-04-08,22.3,28.7
Colombo,2018-04-09,25.4,34.8
Colombo,2018-04-10,21.6,28.4
Colombo,2018-04-11,27.2,36.5
Colombo,2018-04-12,21.8,31.7
Colombo,2018-04-13,21.2,28.8
Colombo,2018-04-14,21.3,28.7
Colombo,2018-04-15,24.1,30.8
Colombo,2018-04-16,23.2,30.5
Colombo,2018-04-17,22.5,31.5
Colombo,2018-04-18,24.2,32.9
Colombo,2018-04-19,22.4,30.7
Colombo,2018-04-20,24.5,32.3
Colombo,2018-04-21,25.3,31.5
Colombo,2018-04-22,24.7,30.1
Colombo,2018-04-23,21.8,27.5
Colombo,2018-04-24,25.8,33.5
Colombo,2018-04-25,24.3,32.9
Colombo,2018-04-26,25.7,32.3
Colombo,2018-04-27,26.0,31.9
Colombo,2018-04-28,23.2,28.3
Colombo,2018-04-29,25.6,31.2
Colombo,2018-04-30,22.6,31.2
Colombo,2018-05-01,25.2,31.9
Colombo,2018-05-02,20.8,25.8
Colombo,2018-05-03,25.4,34.7
Colombo,2018-05-04,24.1,31.8
Colombo,2018-05-05,20.6,25.9
Colombo,2018-05-06,24.7,33.7
Colombo,2018-05-07,22.9,30.0
Colombo,2018-05-08,28.2,33.5
Colombo,2018-05-09,24.4,34.1
Colombo,2018-05-10,28.6,34.5
Colombo,2018-05-11,25.5,30.5
Colombo,2018-05-12,22.3,28.8
Colombo,2018-05-13,24.6,33.3
Colombo,2018-05-14,24.5,33.0
Colombo,2018-05-15,25.7,35.0
Colombo,2018-05-16,20.9,30.6
Colombo,2018-05-17,23.5,30.8
Colombo,2018-05-18,22.8,30.0
Colombo,2018-05-19,24.5,31.0
Colombo,2018-05-20,24.4,32.9
Colombo,2018-05-21,24.7,33.4
Colombo,2018-05-22,25.3,32.8
Colombo,2018-05-23,23.7,29.1
Colombo,2018-05-24,25.6,35.1
Colombo,2018-05-25,23.2,31.7
Colombo,2018-05-26,23.2,32.7
Colombo,2018-05-27,24.7,32.2
Colombo,2018-05-28,24.4,34.4
Colombo,2018-05-29,22.0,31.2
Colombo,2018-05-30,28.5,36.4
Colombo,2018-05-31,22.1,32.0
Colombo,2018-06-01,21.0,30.3
Colombo,2018-06-02,26.3,33.6
Colombo,2018-06-03,25.1,31.0
Colombo,2018-06-04,24.8,34.4
Colombo,2018-06-05,22.7,31.2
Colombo,2018-06-06,21.2,26.4
Colombo,2018-06-07,23.6,33.3
Colombo,2018-06-08,23.9,29.2
Colombo,2018-06-09,24.0,32.4
Colombo,2018-06-10,24.2,32.2
Colombo,2018-06-11,26.5,35.0
Colombo,2018-06-12,21.8,31.4
Colombo,2018-06-13,20.2,28.8
Colombo,2018-06-14,23.2,30.8
Colombo,2018-06-15,20.7,29.1
Colombo,2018-06-16,18.5,28.1
Colombo,2018-06-17,27.0,36.9
Colombo,2018-06-18,24.4,34.1
Colombo,2018-06-19,22.7,32.0
Colombo,2018-06-20,23.2,28.3
Colombo,2018-06-21,27.5,36.0
Colombo,2018-06-22,26.3,32.0
Colombo,2018-06-23,25.8,34.1
Colombo,2018-06-24,24.7,34.6
Colombo,2018-06-25,21.9,27.2
Colombo,2018-06-26,23.7,31.3
Colombo,2018-06-27,22.1,31.8
Colombo,2018-06-28,28.1,36.0
Colombo,2018-06-29,21.9,29.2
Colombo,2018-06-30,21.4,30.9
Colombo,2018-07-01,20.7,27.8
Colombo,2018-07-02,25.6,30.7
Colombo,2018-07-03,20.7,30.3
Colombo,2018-07-04,25.2,33.6
Colombo,2018-07-05,24.6,31.6
Colombo,2018-07-06,23.6,29.8
Colombo,2018-07-07,29.0,37.2
Colombo,2018-07-08,22.9,29.3
Colombo,2018-07-09,25.0,32.0
Colombo,2018-07-10,21.5,27.0
Colombo,2018-07-11,22.4,27.6
Colombo,2018-07-12,25.5,30.7
Colombo,2018-07-13,22.5,31.8
Colombo,2018-07-14,23.9,32.1
Colombo,2018-07-15,25.4,32.7
Colombo,2018-07-16,24.2,31.6
Colombo,2018-07-17,23.2,30.5
Colombo,2018-07-18,24.1,30.9
Colombo,2018-07-19,19.8,25.5
Colombo,2018-07-20,23.4,29.3
Colombo,2018-07-21,26.1,33.7
Colombo,2018-07-22,27.5,34.8
Colombo,2018-07-23,25.4,35.1
Colombo,2018-07-24,24.3,33.6
Colombo,2018-07-25,24.3,34.3
Colombo,2018-07-26,22.5,30.4
Colombo,2018-07-27,25.9,32.1
Colombo,2018-07-28,25.8,32.3
Colombo,2018-07-29,22.9,32.7
Colombo,2018-07-30,20.9,28.5
Colombo,2018-07-31,24.9,31.0
Colombo,2018-08-01,26.5,33.0
Colombo,2018-08-02,23.1,29.9
Colombo,2018-08-03,24.5,29.9
Colombo,2018-08-04,24.8,30.2
Colombo,2018-08-05,26.0,32.2
Colombo,2018-08-06,25.0,30.3
Colombo,2018-08-07,22.1,31.5
Colombo,2018-08-08,25.7,30.8
Colombo,2018-08-09,23.4,28.6
Colombo,2018-08-10,24.1,30.8
Colombo,2018-08-11,25.8,32.9
Colombo,2018-08-12,20.3,29.8
Colombo,2018-08-13,25.7,33.3
Colombo,2018-08-14,21.8,29.4
Colombo,2018-08-15,22.8,29.2
Colombo,2018-08-16,26.4,33.0
Colombo,2018-08-17,26.4,31.9
Colombo,2018-08-18,22.4,31.4
Colombo,2018-08-19,21.9,31.6
Colombo,2018-08-20,21.0,30.0
Colombo,2018-08-21,22.3,28.7
Colombo,2018-08-22,27.2,36.6
Colombo,2018-08-23,24.4,30.7
Colombo,2018-08-24,22.0,30.0
Colombo,2018-08-25,23.7,32.6
Colombo,2018-08-26,21.3,30.4
Colombo,2018-08-27,23.8,33.5
Colombo,2018-08-28,25.4,32.2
Colombo,2018-08-29,21.2,28.1
Colombo,2018-08-30,25.7,31.5
Colombo,2018-08-31,27.2,36.0
Colombo,2018-09-01,25.9,32.1
Colombo,2018-09-02,22.9,29.6
Colombo,2018-09-03,25.9,32.7
Colombo,2018-09-04,22.0,30.6
Colombo,2018-09-05,21.9,29.0
Colombo,2018-09-06,28.3,34.7
Colombo,2018-09-07,21.5,27.0
Colombo,2018-09-08,22.4,31.8
Colombo,2018-09-09,23.5,28.5
Colombo,2018-09-10,24.2,32.8
Colombo,2018-09-11,26.6,32.9
Colombo,2018-09-12,25.6,31.5
Colombo,2018-09-13,26.7,33.3
Colombo,2018-09-14,25.5,31.6
Colombo,2018-09-15,24.6,33.9
Colombo,2018-09-16,21.2,29.2
Colombo,2018-09-17,24.3,29.8
Colombo,2018-09-18,22.5,28.1
Colombo,2018-09-19,22.6,27.9
Colombo,2018-09-20,23.4,32.6
Colombo,2018-09-21,28.2,36.8
Colombo,2018-09-22,26.0,35.5
Colombo,2018-09-23,26.1,33.8
Colombo,2018-09-24,21.8,30.5
Colombo,2018-09-25,24.0,29.7
Colombo,2018-09-26,23.6,28.7
Colombo,2018-09-27,24.6,31.2
Colombo,2018-09-28,25.7,32.5
Colombo,2018-09-29,23.7,30.7
Colombo,2018-09-30,24.2,33.6
Colombo,2018-10-01,25.3,31.1
Colombo,2018-10-02,24.8,33.9
Colombo,2018-10-03,25.6,31.6
Colombo,2018-10-04,18.5,27.3
Colombo,2018-10-05,22.0,32.0
Colombo,2018-10-06,23.7,33.7
Colombo,2018-10-07,22.0,28.2
Colombo,2018-10-08,21.8,27.1
Colombo,2018-10-09,18.9,26.6
Colombo,2018-10-10,25.3,34.5
Colombo,2018-10-11,23.3,33.2
Colombo,2018-10-12,22.1,29.3
Colombo,2018-10-13,27.4,34.1
Colombo,2018-10-14,23.1,31.4
Colombo,2018-10-15,25.7,34.4
Colombo,2018-10-16,24.5,34.0
Colombo,2018-10-17,25.2,31.1
Colombo,2018-10-18,19.9,29.8
Colombo,2018-10-19,23.7,30.8
Colombo,2018-10-20,23.1,31.9
Colombo,2018-10-21,25.4,31.3
Colombo,2018-10-22,29.6,35.7
Colombo,2018-10-23,27.0,34.9
Colombo,2018-10-24,26.6,35.0
Colombo,2018-10-25,21.0,28.2
Colombo,2018-10-26,24.4,33.7
Colombo,2018-10-27,23.5,31.5
Colombo,2018-10-28,21.2,26.8
Colombo,2018-10-29,24.6,32.7
Colombo,2018-10-30,26.0,35.3
Colombo,2018-10-31,24.7,30.2
Colombo,2018-11-01,25.8,34.8
Colombo,2018-11-02,26.7,35.7
Colombo,2018-11-03,23.2,31.8
Colombo,2018-11-04,27.9,36.6
Colombo,2018-11-05,22.3,31.8
Colombo,2018-11-06,23.6,29.4
Colombo,2018-11-07,23.9,32.3
Colombo,2018-11-08,23.1,29.1
Colombo,2018-11-09,21.0,26.8
Colombo,2018-11-10,26.1,35.6
Colombo,2018-11-11,27.7,34.7
Colombo,2018-11-12,25.0,33.1
Colombo,2018-11-13,24.2,32.6
Colombo,2018-11-14,23.3,33.1
Colombo,2018-11-15,24.9,31.7
Colombo,2018-11-16,25.2,31.0
Colombo,2018-11-17,23.6,32.1
Colombo,2018-11-18,22.8,30.5
Colombo,2018-11-19,18.9,28.8
Colombo,2018-11-20,23.9,29.4
Colombo,2018-11-21,26.8,35.8
Colombo,2018-11-22,24.1,29.6
Colombo,2018-11-23,20.9,27.7
Colombo,2018-11-24,22.4,29.7
Colombo,2018-11-25,20.8,26.3
Colombo,2018-11-26,19.9,26.9
Colombo,2018-11-27,27.0,33.7
Colombo,2018-11-28,24.3,32.4
Colombo,2018-11-29,24.9,33.2
Colombo,2018-11-30,19.6,25.6
Colombo,2018-12-01,25.1,34.5
Colombo,2018-12-02,25.4,31.4
Colombo,2018-12-03,26.5,33.0
Colombo,2018-12-04,21.9,27.0
Colombo,2018-12-05,21.4,27.4
Colombo,2018-12-06,26.6,35.4
Colombo,2018-12-07,25.3,31.6
Colombo,2018-12-08,23.4,33.0
Colombo,2018-12-09,25.5,32.3
Colombo,2018-12-10,27.5,32.9
Colombo,2018-12-11,24.6,31.3
Colombo,2018-12-12,25.1,33.3
Colombo,2018-12-13,25.9,33.4
Colombo,2018-12-14,25.5,33.1
Colombo,2018-12-15,23.7,30.6
Colombo,2018-12-16,24.2,29.5
Colombo,2018-12-17,20.2,28.9
Colombo,2018-12-18,21.4,26.8
Colombo,2018-12-19,29.2,38.3
Colombo,2018-12-20,22.8,30.4
Colombo,2018-12-21,20.6,29.9
Colombo,2018-12-22,26.7,32.2
Colombo,2018-12-23,27.6,35.7
Colombo,2018-12-24,21.4,29.7
Colombo,2018-12-25,24.1,32.8
Colombo,2018-12-26,23.6,33.3
Colombo,2018-12-27,23.4,32.6
Colombo,2018-12-28,22.3,28.1
Colombo,2018-12-29,22.3,28.5
Colombo,2018-12-30,23.0,29.0
Colombo,2018-12-31,25.1,33.1
Colombo,2019-01-01,23.6,32.3
Colombo,2019-01-02,24.5,33.1
Colombo,2019-01-03,24.3,30.8
Colombo,2019-01-04,23.6,32.6
Colombo,2019-01-05,22.7,30.4
Colombo,2019-01-06,22.3,32.1
Colombo,2019-01-07,23.3,29.1
Colombo,2019-01-08,24.0,30.0
Colombo,2019-01-09,21.1,27.0
Colombo,2019-01-10,22.4,28.2
Colombo,2019-01-11,26.0,31.3
Colombo,2019-01-12,22.4,31.6
Colombo,2019-01-13,24.2,33.3
Colombo,2019-01-14,21.1,27.5
Colombo,2019-01-15,26.5,33.9
Colombo,2019-01-16,26.7,33.3
Colombo,2019-01-17,24.5,33.7
Colombo,2019-01-18,24.3,31.6
Colombo,2019-01-19,24.9,32.7
Colombo,2019-01-20,23.7,30.5
Colombo,2019-01-21,22.6,32.3
Colombo,2019-01-22,25.7,31.7
Colombo,2019-01-23,22.5,32.2
Colombo,2019-01-24,24.8,31.1
Colombo,2019-01-25,26.5,35.8
Colombo,2019-01-26,21.6,27.2
Colombo,2019-01-27,23.7,32.9
Colombo,2019-01-28,24.0,32.1
Colombo,2019-01-29,19.7,29.0
Colombo,2019-01-30,23.0,29.7
Colombo,2019-01-31,24.1,30.5
Colombo,2019-02-01,21.4,30.0
Colombo,2019-02-02,26.0,31.7
Colombo,2019-02-03,27.3,37.2
Colombo,2019-02-04,27.0,32.6
Colombo,2019-02-05,28.2,37.5
Colombo,2019-02-06,23.4,32.1
Colombo,2019-02-07,26.4,33.0
Colombo,2019-02-08,24.7,30.3
Colombo,2019-02-09,21.5,27.1
Colombo,2019-02-10,22.1,28.1
Colombo,2019-02-11,23.2,32.3
Colombo,2019-02-12,20.4,28.2
Colombo,2019-02-13,24.0,32.7
Colombo,2019-02-14,24.1,31.9
Colombo,2019-02-15,29.8,35.0
Colombo,2019-02-16,24.6,33.2
Colombo,2019-02-17,26.8,31.8
Colombo,2019-02-18,25.1,32.9
Colombo,2019-02-19,22.6,28.6
Colombo,2019-02-20,22.1,29.9
Colombo,2019-02-21,22.9,32.8
Colombo,2019-02-22,23.3,33.3
Colombo,2019-02-23,26.3,32.7
Colombo,2019-02-24,26.5,35.7
Colombo,2019-02-25,23.2,31.3
Colombo,2019-02-26,23.5,30.1
Colombo,2019-02-27,22.4,28.8
Colombo,2019-02-28,23.6,31.1
Colombo,2019-03-01,24.6,34.1
Colombo,2019-03-02,22.9,32.8
Colombo,2019-03-03,24.3,29.6
Colombo,2019-03-04,22.7,27.8
Colombo,2019-03-05,26.7,34.7
Colombo,2019-03-06,24.5,30.4
Colombo,2019-03-07,22.9,31.4
Colombo,2019-03-08,26.8,32.9
Colombo,2019-03-09,20.5,27.5
Colombo,2019-03-10,23.7,33.3
Colombo,2019-03-11,27.1,32.3
Colombo,2019-03-12,26.5,35.7
Colombo,2019-03-13,25.6,33.3
Colombo,2019-03-14,23.9,33.8
Colombo,2019-03-15,26.1,36.0
Colombo,2019-03-16,25.5,35.4
Colombo,2019-03-17,26.2,34.2
Colombo,2019-03-18,21.9,29.5
Colombo,2019-03-19,26.3,35.4
Colombo,2019-03-20,22.2,28.2
Colombo,2019-03-21,21.4,29.8
Colombo,2019-03-22,24.0,32.1
Colombo,2019-03-23,23.9,33.3
Colombo,2019-03-24,26.6,34.7
Colombo,2019-03-25,23.6,28.8
Colombo,2019-03-26,24.6,30.8
Colombo,2019-03-27,22.0,28.9
Colombo,2019-03-28,21.5,31.1
Colombo,2019-03-29,23.3,31.8
Colombo,2019-03-30,25.2,34.9
Colombo,2019-03-31,29.2,38.0
Colombo,2019-04-01,21.9,27.2
Colombo,2019-04-02,27.7,32.9
Colombo,2019-04-03,23.4,29.0
Colombo,2019-04-04,26.9,32.0
Colombo,2019-04-05,21.0,30.7
Colombo,2019-04-06,24.5,32.2
Colombo,2019-04-07,24.3,31.5
Colombo,2019-04-08,23.1,28.2
Colombo,2019-04-09,23.4,30.3
Colombo,2019-04-10,24.0,30.0
Colombo,2019-04-11,24.3,33.3
Colombo,2019-04-12,20.2,26.4
Colombo,2019-04-13,21.5,30.5
Colombo,2019-04-14,22.2,30.6
Colombo,2019-04-15,18.4,26.8
Colombo,2019-04-16,21.2,27.7
Colombo,2019-04-17,25.5,30.7
Colombo,2019-04-18,24.6,29.7
Colombo,2019-04-19,22.1,30.0
Colombo,2019-04-20,25.9,31.7
Colombo,2019-04-21,24.0,33.6
Colombo,2019-04-22,22.1,28.3
Colombo,2019-04-23,25.3,31.4
Colombo,2019-04-24,26.7,33.3
Colombo,2019-04-25,23.3,30.9
Colombo,2019-04-26,25.5,34.7
Colombo,2019-04-27,24.6,34.1
Colombo,2019-04-28,24.7,30.1
Colombo,2019-04-29,21.5,27.3
Colombo,2019-04-30,21.3,30.2
Colombo,2019-05-01,21.8,30.1
Colombo,2019-05-02,24.6,34.2
Colombo,2019-05-03,23.9,32.6
Colombo,2019-05-04,23.6,30.0
Colombo,2019-05-05,26.6,33.9
Colombo,2019-05-06,27.1,33.7
Colombo,2019-05-07,20.2,28.9
Colombo,2019-05-08,19.7,25.1
Colombo,2019-05-09,23.1,28.2
Colombo,2019-05-10,24.9,30.3
Colombo,2019-05-11,25.2,30.9
Colombo,2019-05-12,23.5,31.7
Colombo,2019-05-13,19.7,26.0
Colombo,2019-05-14,27.8,34.0
Colombo,2019-05-15,22.6,28.4
Colombo,2019-05-16,24.7,29.7
Colombo,2019-05-17,24.0,31.8
Colombo,2019-05-18,23.3,33.0
Colombo,2019-05-19,26.2,34.1
Colombo,2019-05-20,26.5,32.5
Colombo,2019-05-21,21.3,29.9
Colombo,2019-05-22,18.8,25.1
Colombo,2019-05-23,22.7,29.0
Colombo,2019-05-24,24.7,31.9
Colombo,2019-05-25,24.6,31.1
Colombo,2019-05-26,24.7,29.8
Colombo,2019-05-27,26.3,32.4
Colombo,2019-05-28,26.1,35.7
Colombo,2019-05-29,23.1,32.0
Colombo,2019-05-30,21.2,26.4
Colombo,2019-05-31,22.5,27.8
Colombo,2019-06-01,26.4,34.1
Colombo,2019-06-02,22.6,28.4
Colombo,2019-06-03,26.3,35.5
Colombo,2019-06-04,25.4,32.3
Colombo,2019-06-05,28.4,36.6
Colombo,2019-06-06,24.0,29.1
Colombo,2019-06-07,19.3,25.5
Colombo,2019-06-08,28.0,35.3
Colombo,2019-06-09,24.1,30.4
Colombo,2019-06-10,23.8,30.2
Colombo,2019-06-11,26.9,32.5
Colombo,2019-06-12,23.3,29.2
Colombo,2019-06-13,21.9,28.2
Colombo,2019-06-14,23.3,32.2
Colombo,2019-06-15,25.2,31.4
Colombo,2019-06-16,23.2,28.5
Colombo,2019-06-17,27.7,32.7
Colombo,2019-06-18,22.1,29.0
Colombo,2019-06-19,22.4,30.6
Colombo,2019-06-20,21.2,26.8
Colombo,2019-06-21,27.8,35.8
Colombo,2019-06-22,27.5,34.6
Colombo,2019-06-23,23.4,31.5
Colombo,2019-06-24,22.2,30.6
Colombo,2019-06-25,20.4,28.6
Colombo,2019-06-26,26.9,32.8
Colombo,2019-06-27,25.3,34.6
Colombo,2019-06-28,25.3,30.9
Colombo,2019-06-29,23.2,29.4
Colombo,2019-06-30,26.4,36.3
Colombo,2019-07-01,24.0,30.2
Colombo,2019-07-02,21.6,29.1
Colombo,2019-07-03,22.2,28.3
Colombo,2019-07-04,24.5,33.4
Colombo,2019-07-05,21.2,28.2
Colombo,2019-07-06,25.1,30.5
Colombo,2019-07-07,22.1,31.2
Colombo,2019-07-08,23.0,28.2
Colombo,2019-07-09,22.9,31.1
Colombo,2019-07-10,23.3,32.7
Colombo,2019-07-11,25.0,32.0
Colombo,2019-07-12,21.3,29.1
Colombo,2019-07-13,22.6,27.9
Colombo,2019-07-14,21.2,30.0
Colombo,2019-07-15,22.9,28.3
Colombo,2019-07-16,22.0,30.9
Colombo,2019-07-17,24.3,31.1
Colombo,2019-07-18,24.9,30.1
Colombo,2019-07-19,27.9,34.3
Colombo,2019-07-20,23.0,28.7
Colombo,2019-07-21,26.7,35.0
Colombo,2019-07-22,22.9,29.6
Colombo,2019-07-23,22.6,27.8
Colombo,2019-07-24,25.2,34.5
Colombo,2019-07-25,26.0,34.9
Colombo,2019-07-26,26.2,35.1
Colombo,2019-07-27,25.0,32.4
Colombo,2019-07-28,24.3,29.8
Colombo,2019-07-29,27.5,33.4
Colombo,2019-07-30,23.0,30.4
Colombo,2019-07-31,22.3,29.0
Colombo,2019-08-01,22.7,27.8
Colombo,2019-08-02,21.4,26.9
Colombo,2019-08-03,22.6,29.5
Colombo,2019-08-04,27.2,33.6
Colombo,2019-08-05,20.7,27.0
Colombo,2019-08-06,27.5,36.5
Colombo,2019-08-07,20.9,26.8
Colombo,2019-08-08,26.1,34.0
Colombo,2019-08-09,18.5,27.5
Colombo,2019-08-10,27.5,34.9
Colombo,2019-08-11,22.6,30.2
Colombo,2019-08-12,24.4,32.7
Colombo,2019-08-13,23.8,29.6
Colombo,2019-08-14,23.3,30.2
Colombo,2019-08-15,27.1,35.1
Colombo,2019-08-16,26.1,32.1
Colombo,2019-08-17,23.9,32.4
Colombo,2019-08-18,24.9,30.4
Colombo,2019-08-19,25.9,32.5
Colombo,2019-08-20,23.4,29.3
Colombo,2019-08-21,25.7,32.4
Colombo,2019-08-22,26.1,33.7
Colombo,2019-08-23,22.8,30.9
Colombo,2019-08-24,21.7,26.8
Colombo,2019-08-25,24.7,34.2
Colombo,2019-08-26,22.2,29.5
Colombo,2019-08-27,24.9,32.3
Colombo,2019-08-28,23.4,28.5
Colombo,2019-08-29,26.0,35.3
Colombo,2019-08-30,25.8,34.0
Colombo,2019-08-31,28.2,37.7
Colombo,2019-09-01,26.5,33.7
Colombo,2019-09-02,25.1,31.6
Colombo,2019-09-03,22.8,31.8
Colombo,2019-09-04,22.0,27.2
Colombo,2019-09-05,25.1,34.7
Colombo,2019-09-06,26.7,33.6
Colombo,2019-09-07,25.8,35.7
Colombo,2019-09-08,23.7,29.7
Colombo,2019-09-09,22.9,30.3
Colombo,2019-09-10,26.3,33.1
Colombo,2019-09-11,24.5,30.9
Colombo,2019-09-12,20.4,28.0
Colombo,2019-09-13,27.1,34.2
Colombo,2019-09-14,19.5,29.4
Colombo,2019-09-15,22.4,29.6
Colombo,2019-09-16,23.2,29.4
Colombo,2019-09-17,25.2,31.4
Colombo,2019-09-18,22.9,32.7
Colombo,2019-09-19,22.6,28.5
Colombo,2019-09-20,23.9,33.5
Colombo,2019-09-21,26.3,36.1
Colombo,2019-09-22,23.3,31.8
Colombo,2019-09-23,28.2,37.8
Colombo,2019-09-24,24.5,30.4
Colombo,2019-09-25,23.0,29.4
Colombo,2019-09-26,23.1,28.6
Colombo,2019-09-27,22.7,31.6
Colombo,2019-09-28,25.3,31.4
Colombo,2019-09-29,23.4,30.8
Colombo,2019-09-30,23.7,30.5
Colombo,2019-10-01,22.7,32.5
Colombo,2019-10-02,27.6,33.3
Colombo,2019-10-03,20.2,28.9
Colombo,2019-10-04,23.3,32.5
Colombo,2019-10-05,24.8,30.0
Colombo,2019-10-06,24.6,31.8
Colombo,2019-10-07,24.1,29.4
Colombo,2019-10-08,25.5,35.4
Colombo,2019-10-09,24.5,29.9
Colombo,2019-10-10,23.6,29.6
Colombo,2019-10-11,21.9,27.8
Colombo,2019-10-12,24.7,31.9
Colombo,2019-10-13,21.8,30.0
Colombo,2019-10-14,19.9,29.3
Colombo,2019-10-15,25.9,34.3
Colombo,2019-10-16,23.5,29.0
Colombo,2019-10-17,23.0,30.1
Colombo,2019-10-18,23.6,30.5
Colombo,2019-10-19,23.7,32.1
Colombo,2019-10-20,23.4,31.6
Colombo,2019-10-21,23.6,29.9
Colombo,2019-10-22,24.5,30.5
Colombo,2019-10-23,23.7,30.3
Colombo,2019-10-24,25.1,30.7
Colombo,2019-10-25,29.0,34.2
Colombo,2019-10-26,26.0,34.7
Colombo,2019-10-27,25.0,34.2
Colombo,2019-10-28,24.2,30.0
Colombo,2019-10-29,24.8,31.8
Colombo,2019-10-30,25.6,34.9
Colombo,2019-10-31,24.9,30.7
Colombo,2019-11-01,26.4,34.0
Colombo,2019-11-02,26.2,34.0
Colombo,2019-11-03,23.6,30.7
Colombo,2019-11-04,23.1,29.3
Colombo,2019-11-05,25.0,34.0
Colombo,2019-11-06,27.4,33.0
Colombo,2019-11-07,21.8,27.8
Colombo,2019-11-08,24.9,32.1
Colombo,2019-11-09,23.9,32.1
Colombo,2019-11-10,23.7,29.9
Colombo,2019-11-11,23.6,32.8
Colombo,2019-11-12,27.1,36.5
Colombo,2019-11-13,26.2,35.3
Colombo,2019-11-14,24.3,32.5
Colombo,2019-11-15,23.0,30.8
Colombo,2019-11-16,25.9,32.4
Colombo,2019-11-17,24.7,32.6
Colombo,2019-11-18,23.2,31.8
Colombo,2019-11-19,23.2,28.9
Colombo,2019-11-20,24.5,31.4
Colombo,2019-11-21,20.7,30.1
Colombo,2019-11-22,23.7,30.3
Colombo,2019-11-23,23.4,30.5
Colombo,2019-11-24,22.9,30.8
Colombo,2019-11-25,25.4,32.6
Colombo,2019-11-26,22.5,28.3
Colombo,2019-11-27,24.5,30.7
Colombo,2019-11-28,23.2,32.3
Colombo,2019-11-29,23.2,29.7
Colombo,2019-11-30,23.0,31.5
Colombo,2019-12-01,29.7,36.4
Colombo,2019-12-02,24.2,31.8
Colombo,2019-12-03,22.3,30.3
Colombo,2019-12-04,20.8,28.1
Colombo,2019-12-05,21.0,28.1
Colombo,2019-12-06,22.0,31.2
Colombo,2019-12-07,23.0,30.7
Colombo,2019-12-08,23.6,32.3
Colombo,2019-12-09,26.1,31.7
Colombo,2019-12-10,23.0,29.5
Colombo,2019-12-11,24.8,33.2
Colombo,2019-12-12,23.9,31.1
Colombo,2019-12-13,25.2,30.3
Colombo,2019-12-14,25.0,32.2
Colombo,2019-12-15,24.1,31.2
Colombo,2019-12-16,23.8,32.4
Colombo,2019-12-17,27.9,35.7
Colombo,2019-12-18,24.2,30.8
Colombo,2019-12-19,21.7,30.9
Colombo,2019-12-20,22.8,30.5
Colombo,2019-12-21,20.7,30.5
Colombo,2019-12-22,22.7,31.5
Colombo,2019-12-23,21.1,30.3
Colombo,2019-12-24,26.1,33.0
Colombo,2019-12-25,28.5,35.6
Colombo,2019-12-26,24.6,33.5
Colombo,2019-12-27,22.5,31.0
Colombo,2019-12-28,22.5,27.5
Colombo,2019-12-29,21.4,26.5
Colombo,2019-12-30,21.2,30.6
Colombo,2019-12-31,23.5,32.9
Colombo,2020-01-01,26.0,32.6
Colombo,2020-01-02,23.2,28.6
Colombo,2020-01-03,20.4,29.3
Colombo,2020-01-04,28.2,37.6
Colombo,2020-01-05,20.2,28.6
Colombo,2020-01-06,25.2,30.9
Colombo,2020-01-07,27.8,33.4
Colombo,2020-01-08,26.4,33.5
Colombo,2020-01-09,25.6,34.5
Colombo,2020-01-10,20.0,25.6
Colombo,2020-01-11,25.6,34.6
Colombo,2020-01-12,22.6,31.2
Colombo,2020-01-13,24.0,31.3
Colombo,2020-01-14,21.1,26.5
Colombo,2020-01-15,21.5,30.4
Colombo,2020-01-16,22.0,28.4
Colombo,2020-01-17,27.8,33.4
Colombo,2020-01-18,22.2,27.7
Colombo,2020-01-19,21.2,29.1
Colombo,2020-01-20,19.2,29.0
Colombo,2020-01-21,27.6,37.0
Colombo,2020-01-22,25.4,34.9
Colombo,2020-01-23,22.9,31.3
Colombo,2020-01-24,19.1,25.9
Colombo,2020-01-25,21.8,28.0
Colombo,2020-01-26,22.4,28.6
Colombo,2020-01-27,28.1,37.8
Colombo,2020-01-28,22.2,30.0
Colombo,2020-01-29,25.3,30.8
Colombo,2020-01-30,20.6,28.9
Colombo,2020-01-31,23.3,31.6
Colombo,2020-02-01,26.0,31.5
Colombo,2020-02-02,22.8,32.7
Colombo,2020-02-03,21.1,28.2
Colombo,2020-02-04,25.5,32.5
Colombo,2020-02-05,25.2,35.1
Colombo,2020-02-06,24.6,30.8
Colombo,2020-02-07,26.3,32.4
Colombo,2020-02-08,23.1,31.6
Colombo,2020-02-09,24.8,31.4
Colombo,2020-02-10,21.7,28.0
Colombo,2020-02-11,23.5,28.6
Colombo,2020-02-12,24.1,32.4
Colombo,2020-02-13,19.6,25.7
Colombo,2020-02-14,22.8,29.1
Colombo,2020-02-15,25.4,32.6
Colombo,2020-02-16,20.8,30.3
Colombo,2020-02-17,22.6,27.8
Colombo,2020-02-18,24.2,30.8
Colombo,2020-02-19,30.1,38.8
Colombo,2020-02-20,26.0,31.0
Colombo,2020-02-21,22.9,32.3
Colombo,2020-02-22,20.9,27.4
Colombo,2020-02-23,23.3,32.9
Colombo,2020-02-24,24.1,30.1
Colombo,2020-02-25,26.2,34.7
Colombo,2020-02-26,22.9,31.9
Colombo,2020-02-27,25.7,33.5
Colombo,2020-02-28,26.2,34.5
Colombo,2020-02-29,23.5,30.8
Colombo,2020-03-01,25.6,32.6
Colombo,2020-03-02,23.3,30.9
Colombo,2020-03-03,24.1,32.5
Colombo,2020-03-04,21.0,26.0
Colombo,2020-03-05,24.1,30.2
Colombo,2020-03-06,25.7,34.9
Colombo,2020-03-07,25.2,30.5
Colombo,2020-03-08,23.5,28.7
Colombo,2020-03-09,26.0,34.7
Colombo,2020-03-10,22.8,31.1
Colombo,2020-03-11,23.5,29.5
Colombo,2020-03-12,21.3,29.4
Colombo,2020-03-13,25.4,34.2
Colombo,2020-03-14,23.1,30.1
Colombo,2020-03-15,24.5,32.9
Colombo,2020-03-16,24.4,29.8
Colombo,2020-03-17,24.0,30.9
Colombo,2020-03-18,24.6,32.1
Colombo,2020-03-19,25.5,33.9
Colombo,2020-03-20,23.8,30.1
Colombo,2020-03-21,25.1,34.4
Colombo,2020-03-22,24.3,31.6
Colombo,2020-03-23,25.2,32.6
Colombo,2020-03-24,23.5,30.0
Colombo,2020-03-25,26.1,34.1
Colombo,2020-03-26,25.3,33.5
Colombo,2020-03-27,22.3,31.6
Colombo,2020-03-28,23.7,31.9
Colombo,2020-03-29,22.5,29.9
Colombo,2020-03-30,20.4,28.7
Colombo,2020-03-31,23.6,29.6
Colombo,2020-04-01,26.7,35.1
Colombo,2020-04-02,25.4,30.9
Colombo,2020-04-03,24.0,31.9
Colombo,2020-04-04,24.9,31.1
Colombo,2020-04-05,25.3,34.8
Colombo,2020-04-06,26.4,33.6
Colombo,2020-04-07,25.7,33.9
Colombo,2020-04-08,28.3,35.4
Colombo,2020-04-09,26.3,34.9
Colombo,2020-04-10,20.5,30.1
Colombo,2020-04-11,24.3,31.5
Colombo,2020-04-12,26.1,33.8
Colombo,2020-04-13,23.6,30.8
Colombo,2020-04-14,20.9,28.6
Colombo,2020-04-15,24.1,31.0
Colombo,2020-04-16,22.8,32.6
Colombo,2020-04-17,19.5,27.8
Colombo,2020-04-18,23.7,31.6
Colombo,2020-04-19,26.2,35.7
Colombo,2020-04-20,25.4,34.3
Colombo,2020-04-21,25.4,34.2
Colombo,2020-04-22,24.3,32.6
Colombo,2020-04-23,21.9,30.7
Colombo,2020-04-24,26.5,33.3
Colombo,2020-04-25,23.6,32.4
Colombo,2020-04-26,22.8,28.9
Colombo,2020-04-27,24.4,30.8
Colombo,2020-04-28,27.5,33.8
Colombo,2020-04-29,25.0,31.3
Colombo,2020-04-30,24.7,31.7
Colombo,2020-05-01,22.2,29.6
Colombo,2020-05-02,27.9,37.0
Colombo,2020-05-03,25.8,35.4
Colombo,2020-05-04,27.3,34.9
Colombo,2020-05-05,27.7,33.6
Colombo,2020-05-06,21.6,27.7
Colombo,2020-05-07,25.8,34.4
Colombo,2020-05-08,25.6,32.5
Colombo,2020-05-09,20.4,25.8
Colombo,2020-05-10,24.7,34.3
Colombo,2020-05-11,23.1,31.9
Colombo,2020-05-12,20.0,29.5
Colombo,2020-05-13,25.6,33.0
Colombo,2020-05-14,23.6,29.1
Colombo,2020-05-15,23.9,33.2
Colombo,2020-05-16,25.5,33.6
Colombo,2020-05-17,24.2,29.6
Colombo,2020-05-18,24.9,33.3
Colombo,2020-05-19,21.5,29.5
Colombo,2020-05-20,25.6,33.2
Colombo,2020-05-21,23.3,31.6
Colombo,2020-05-22,22.0,30.3
Colombo,2020-05-23,23.3,28.3
Colombo,2020-05-24,25.5,31.6
Colombo,2020-05-25,21.1,30.7
Colombo,2020-05-26,25.4,31.2
Colombo,2020-05-27,23.2,28.6
Colombo,2020-05-28,27.7,35.4
Colombo,2020-05-29,25.5,32.9
Colombo,2020-05-30,24.7,32.2
Colombo,2020-05-31,25.6,32.9
Colombo,2020-06-01,23.0,32.1
Colombo,2020-06-02,25.0,33.2
Colombo,2020-06-03,23.6,33.4
Colombo,2020-06-04,22.9,30.8
Colombo,2020-06-05,24.5,32.7
Colombo,2020-06-06,23.8,33.3
Colombo,2020-06-07,26.7,33.3
Colombo,2020-06-08,24.6,34.4
Colombo,2020-06-09,24.7,33.6
Colombo,2020-06-10,23.7,32.3
Colombo,2020-06-11,26.6,32.9
Colombo,2020-06-12,20.3,28.0
Colombo,2020-06-13,20.3,25.5
Colombo,2020-06-14,21.6,31.4
Colombo,2020-06-15,24.0,32.2
Colombo,2020-06-16,20.0,25.6
Colombo,2020-06-17,21.9,31.7
Colombo,2020-06-18,25.4,34.8
Colombo,2020-06-19,25.1,33.0
Colombo,2020-06-20,21.1,28.4
Colombo,2020-06-21,25.4,34.6
Colombo,2020-06-22,27.1,34.9
Colombo,2020-06-23,28.3,36.6
Colombo,2020-06-24,24.4,33.9
Colombo,2020-06-25,24.6,32.2
Colombo,2020-06-26,23.8,28.9
Colombo,2020-06-27,27.4,32.5
Colombo,2020-06-28,25.1,32.0
Colombo,2020-06-29,22.1,29.3
Colombo,2020-06-30,25.7,33.6
Colombo,2020-07-01,22.8,30.1
Colombo,2020-07-02,25.2,32.4
Colombo,2020-07-03,21.4,26.6
Colombo,2020-07-04,23.8,30.1
Colombo,2020-07-05,28.9,38.4
Colombo,2020-07-06,21.6,27.2
Colombo,2020-07-07,24.5,32.5
Colombo,2020-07-08,26.3,32.8
Colombo,2020-07-09,23.5,31.2
Colombo,2020-07-10,26.2,32.0
Colombo,2020-07-11,24.9,33.5
Colombo,2020-07-12,22.8,28.0
Colombo,2020-07-13,22.4,31.2
Colombo,2020-07-14,24.4,33.4
Colombo,2020-07-15,20.4,29.2
Colombo,2020-07-16,21.4,26.7
Colombo,2020-07-17,24.4,33.6
Colombo,2020-07-18,21.6,26.8
Colombo,2020-07-19,23.5,33.1
Colombo,2020-07-20,21.6,30.5
Colombo,2020-07-21,26.5,34.0
Colombo,2020-07-22,25.8,35.1
Colombo,2020-07-23,24.9,34.4
Colombo,2020-07-24,24.4,32.8
Colombo,2020-07-25,22.9,29.7
Colombo,2020-07-26,21.7,27.5
Colombo,2020-07-27,28.3,34.8
Colombo,2020-07-28,25.2,31.7
Colombo,2020-07-29,23.7,32.6
Colombo,2020-07-30,24.9,32.5
Colombo,2020-07-31,25.9,32.8
Colombo,2020-08-01,26.6,35.2
Colombo,2020-08-02,27.4,34.4
Colombo,2020-08-03,25.5,33.3
Colombo,2020-08-04,22.4,31.8
Colombo,2020-08-05,24.2,31.7
Colombo,2020-08-06,25.0,33.4
Colombo,2020-08-07,23.8,30.4
Colombo,2020-08-08,24.2,33.4
Colombo,2020-08-09,17.8,27.6
Colombo,2020-08-10,27.4,33.3
Colombo,2020-08-11,23.7,32.4
Colombo,2020-08-12,27.5,36.0
Colombo,2020-08-13,25.9,32.7
Colombo,2020-08-14,24.8,33.7
Colombo,2020-08-15,28.1,35.9
Colombo,2020-08-16,22.6,31.1
Colombo,2020-08-17,29.6,37.4
Colombo,2020-08-18,24.2,29.5
Colombo,2020-08-19,20.3,26.3
Colombo,2020-08-20,22.6,30.2
Colombo,2020-08-21,24.2,29.7
Colombo,2020-08-22,20.3,29.1
Colombo,2020-08-23,23.7,30.0
Colombo,2020-08-24,23.1,30.2
Colombo,2020-08-25,22.6,31.1
Colombo,2020-08-26,22.9,32.3
Colombo,2020-08-27,22.4,28.4
Colombo,2020-08-28,24.4,30.2
Colombo,2020-08-29,24.6,30.2
Colombo,2020-08-30,23.7,31.5
Colombo,2020-08-31,24.1,30.4
Colombo,2020-09-01,24.6,34.0
Colombo,2020-09-02,25.1,32.4
Colombo,2020-09-03,24.5,30.7
Colombo,2020-09-04,27.8,36.1
Colombo,2020-09-05,27.4,35.5
Colombo,2020-09-06,21.9,30.4
Colombo,2020-09-07,21.9,29.7
Colombo,2020-09-08,21.9,29.5
Colombo,2020-09-09,25.6,34.9
Colombo,2020-09-10,22.8,31.4
Colombo,2020-09-11,26.4,31.4
Colombo,2020-09-12,22.1,31.3
Colombo,2020-09-13,21.1,28.7
Colombo,2020-09-14,20.5,30.0
Colombo,2020-09-15,20.7,28.8
Colombo,2020-09-16,23.2,28.6
Colombo,2020-09-17,28.1,34.9
Colombo,2020-09-18,25.4,30.7
Colombo,2020-09-19,24.3,32.4
Colombo,2020-09-20,22.6,32.1
Colombo,2020-09-21,23.3,29.1
Colombo,2020-09-22,22.4,28.2
Colombo,2020-09-23,23.2,30.5
Colombo,2020-09-24,24.4,33.7
Colombo,2020-09-25,25.3,34.8
Colombo,2020-09-26,23.3,33.0
Colombo,2020-09-27,25.3,30.6
Colombo,2020-09-28,23.9,33.5
Colombo,2020-09-29,23.2,29.5
Colombo,2020-09-30,24.9,31.6
Colombo,2020-10-01,23.0,31.9
Colombo,2020-10-02,24.2,29.7
Colombo,2020-10-03,24.0,32.5
Colombo,2020-10-04,26.1,34.2
Colombo,2020-10-05,23.8,32.8
Colombo,2020-10-06,24.7,31.3
Colombo,2020-10-07,22.0,29.6
Colombo,2020-10-08,23.5,31.9
Colombo,2020-10-09,26.6,36.1
Colombo,2020-10-10,26.7,36.6
Colombo,2020-10-11,25.4,32.2
Colombo,2020-10-12,22.9,28.4
Colombo,2020-10-13,22.4,28.9
Colombo,2020-10-14,22.4,30.3
Colombo,2020-10-15,22.9,28.2
Colombo,2020-10-16,24.7,34.4
Colombo,2020-10-17,22.6,32.2
Colombo,2020-10-18,21.9,30.9
Colombo,2020-10-19,21.6,28.3
Colombo,2020-10-20,22.5,32.5
Colombo,2020-10-21,19.8,27.6
Colombo,2020-10-22,21.0,30.7
Colombo,2020-10-23,22.0,28.2
Colombo,2020-10-24,23.3,33.2
Colombo,2020-10-25,27.3,35.8
Colombo,2020-10-26,25.6,32.4
Colombo,2020-10-27,24.4,29.8
Colombo,2020-10-28,20.8,30.0
Colombo,2020-10-29,23.0,31.2
Colombo,2020-10-30,25.3,32.5
Colombo,2020-10-31,26.6,36.3
Colombo,2020-11-01,19.3,27.7
Colombo,2020-11-02,26.7,33.6
Colombo,2020-11-03,23.6,30.4
Colombo,2020-11-04,25.8,33.2
Colombo,2020-11-05,22.9,29.5
Colombo,2020-11-06,23.9,30.8
Colombo,2020-11-07,21.6,30.4
Colombo,2020-11-08,24.2,33.9
Colombo,2020-11-09,27.1,36.0
Colombo,2020-11-10,26.6,36.1
Colombo,2020-11-11,25.7,33.9
Colombo,2020-11-12,22.4,28.5
Colombo,2020-11-13,23.5,28.9
Colombo,2020-11-14,22.8,31.5
Colombo,2020-11-15,24.7,34.7
Colombo,2020-11-16,26.0,34.5
Colombo,2020-11-17,21.6,27.6
Colombo,2020-11-18,22.9,32.4
Colombo,2020-11-19,25.9,35.9
Colombo,2020-11-20,26.2,35.8
Colombo,2020-11-21,21.6,31.2
Colombo,2020-11-22,23.8,33.3
Colombo,2020-11-23,26.5,34.7
Colombo,2020-11-24,26.5,31.7
Colombo,2020-11-25,23.3,32.2
Colombo,2020-11-26,26.2,35.3
Colombo,2020-11-27,24.7,30.6
Colombo,2020-11-28,22.1,28.8
Colombo,2020-11-29,27.4,36.8
Colombo,2020-11-30,23.2,32.8
Colombo,2020-12-01,23.8,31.2
Colombo,2020-12-02,20.8,26.6
Colombo,2020-12-03,23.0,31.4
Colombo,2020-12-04,22.6,29.9
Colombo,2020-12-05,20.4,25.5
Colombo,2020-12-06,24.9,31.3
Colombo,2020-12-07,22.6,28.9
Colombo,2020-12-08,25.9,31.8
Colombo,2020-12-09,23.4,30.4
Colombo,2020-12-10,26.3,34.8
Colombo,2020-12-11,24.1,33.6
Colombo,2020-12-12,23.6,33.0
Colombo,2020-12-13,23.6,28.6
Colombo,2020-12-14,22.3,30.6
Colombo,2020-12-15,23.0,31.7
Colombo,2020-12-16,25.6,35.6
Colombo,2020-12-17,25.6,31.8
Colombo,2020-12-18,23.7,29.1
Colombo,2020-12-19,23.8,30.9
Colombo,2020-12-20,21.3,27.7
Colombo,2020-12-21,23.0,29.7
Colombo,2020-12-22,22.9,28.2
Colombo,2020-12-23,21.3,29.6
Colombo,2020-12-24,26.4,34.0
Colombo,2020-12-25,23.6,31.4
Colombo,2020-12-26,23.8,33.5
Colombo,2020-12-27,25.6,33.1
Colombo,2020-12-28,22.2,27.8
Colombo,2020-12-29,25.4,34.5
Colombo,2020-12-30,19.5,27.2
Colombo,2020-12-31,22.8,29.7
Colombo,2021-01-01,20.0,28.1
Colombo,2021-01-02,26.5,35.2
Colombo,2021-01-03,25.5,35.4
Colombo,2021-01-04,22.7,28.8
Colombo,2021-01-05,24.0,29.3
Colombo,2021-01-06,22.3,27.4
Colombo,2021-01-07,24.8,30.9
Colombo,2021-01-08,25.5,30.6
Colombo,2021-01-09,22.8,28.1
Colombo,2021-01-10,24.8,30.2
Colombo,2021-01-11,22.3,27.8
Colombo,2021-01-12,23.3,29.4
Colombo,2021-01-13,24.4,32.2
Colombo,2021-01-14,25.5,35.1
Colombo,2021-01-15,22.7,30.6
Colombo,2021-01-16,23.8,30.9
Colombo,2021-01-17,24.9,30.0
Colombo,2021-01-18,25.5,34.0
Colombo,2021-01-19,26.8,33.4
Colombo,2021-01-20,23.7,33.3
Colombo,2021-01-21,27.9,37.6
Colombo,2021-01-22,22.4,27.6
Colombo,2021-01-23,25.7,33.8
Colombo,2021-01-24,27.2,36.5
Colombo,2021-01-25,27.7,35.4
Colombo,2021-01-26,23.8,31.8
Colombo,2021-01-27,21.9,29.1
Colombo,2021-01-28,21.0,28.0
Colombo,2021-01-29,23.2,32.9
Colombo,2021-01-30,20.3,25.4
Colombo,2021-01-31,22.4,28.4
Colombo,2021-02-01,20.4,29.5
Colombo,2021-02-02,24.7,33.1
Colombo,2021-02-03,26.2,32.6
Colombo,2021-02-04,23.7,29.3
Colombo,2021-02-05,26.9,32.0
Colombo,2021-02-06,23.3,29.6
Colombo,2021-02-07,25.3,33.1
Colombo,2021-02-08,22.1,31.6
Colombo,2021-02-09,24.5,30.9
Colombo,2021-02-10,25.6,30.8
Colombo,2021-02-11,24.7,30.4
Colombo,2021-02-12,26.1,32.1
Colombo,2021-02-13,24.3,30.0
Colombo,2021-02-14,24.2,31.4
Colombo,2021-02-15,24.4,32.9
Colombo,2021-02-16,26.5,32.1
Colombo,2021-02-17,24.8,32.8
Colombo,2021-02-18,25.0,32.2
Colombo,2021-02-19,24.4,33.9
Colombo,2021-02-20,26.4,36.1
Colombo,2021-02-21,19.3,28.5
Colombo,2021-02-22,22.8,30.8
Colombo,2021-02-23,24.1,31.3
Colombo,2021-02-24,24.3,31.3
Colombo,2021-02-25,21.0,30.3
Colombo,2021-02-26,27.1,34.1
Colombo,2021-02-27,24.4,31.7
Colombo,2021-02-28,22.9,29.0
Colombo,2021-03-01,26.8,36.1
Colombo,2021-03-02,25.9,32.5
Colombo,2021-03-03,21.0,27.1
Colombo,2021-03-04,19.6,27.8
Colombo,2021-03-05,22.3,28.0
Colombo,2021-03-06,25.8,31.1
Colombo,2021-03-07,25.7,30.7
Colombo,2021-03-08,24.7,30.7
Colombo,2021-03-09,25.7,32.8
Colombo,2021-03-10,23.6,31.0
Colombo,2021-03-11,26.4,35.4
Colombo,2021-03-12,25.7,32.0
Colombo,2021-03-13,22.2,31.4
Colombo,2021-03-14,23.9,31.4
Colombo,2021-03-15,24.2,30.1
Colombo,2021-03-16,25.7,33.8
Colombo,2021-03-17,22.1,29.5
Colombo,2021-03-18,23.9,31.5
Colombo,2021-03-19,25.2,32.8
Colombo,2021-03-20,23.0,28.6
Colombo,2021-03-21,25.9,33.5
Colombo,2021-03-22,25.6,31.9
Colombo,2021-03-23,22.9,29.5
Colombo,2021-03-24,24.0,30.3
Colombo,2021-03-25,24.4,30.7
Colombo,2021-03-26,24.0,33.4
Colombo,2021-03-27,21.9,26.9
Colombo,2021-03-28,22.5,31.0
Colombo,2021-03-29,27.6,35.5
Colombo,2021-03-30,23.1,28.5
Colombo,2021-03-31,25.1,30.2
Colombo,2021-04-01,23.0,31.1
Colombo,2021-04-02,20.1,25.5
Colombo,2021-04-03,28.1,33.2
Colombo,2021-04-04,22.3,28.6
Colombo,2021-04-05,24.2,31.0
Colombo,2021-04-06,22.3,28.9
Colombo,2021-04-07,23.1,30.7
Colombo,2021-04-08,23.8,32.7
Colombo,2021-04-09,23.1,29.9
Colombo,2021-04-10,24.9,32.9
Colombo,2021-04-11,27.4,32.8
Colombo,2021-04-12,23.3,33.1
Colombo,2021-04-13,26.5,31.9
Colombo,2021-04-14,22.7,30.0
Colombo,2021-04-15,24.8,31.9
Colombo,2021-04-16,22.8,29.2
Colombo,2021-04-17,23.9,32.2
Colombo,2021-04-18,23.9,29.3
Colombo,2021-04-19,26.6,34.2
Colombo,2021-04-20,25.4,33.0
Colombo,2021-04-21,25.0,30.0
Colombo,2021-04-22,23.4,31.3
Colombo,2021-04-23,25.8,33.6
Colombo,2021-04-24,25.8,31.8
Colombo,2021-04-25,24.4,34.0
Colombo,2021-04-26,22.9,28.5
Colombo,2021-04-27,24.5,30.4
Colombo,2021-04-28,21.2,30.5
Colombo,2021-04-29,26.1,32.8
Colombo,2021-04-30,20.1,29.8
Colombo,2021-05-01,26.4,33.1
Colombo,2021-05-02,22.2,29.7
Colombo,2021-05-03,22.7,32.3
Colombo,2021-05-04,23.1,32.2
Colombo,2021-05-05,25.4,35.2
Colombo,2021-05-06,23.0,32.8
Colombo,2021-05-07,25.8,31.3
Colombo,2021-05-08,26.2,32.8
Colombo,2021-05-09,26.0,33.8
Colombo,2021-05-10,22.0,30.6
Colombo,2021-05-11,26.6,36.5
Colombo,2021-05-12,22.9,30.0
Colombo,2021-05-13,28.3,36.3
Colombo,2021-05-14,23.1,31.6
Colombo,2021-05-15,19.5,26.5
Colombo,2021-05-16,26.1,35.7
Colombo,2021-05-17,23.6,31.5
Colombo,2021-05-18,21.8,29.1
Colombo,2021-05-19,22.0,30.1
Colombo,2021-05-20,27.4,36.8
Colombo,2021-05-21,23.6,30.3
Colombo,2021-05-22,23.3,32.6
Colombo,2021-05-23,24.4,32.0
Colombo,2021-05-24,25.0,31.6
Colombo,2021-05-25,21.6,30.6
Colombo,2021-05-26,24.5,34.0
Colombo,2021-05-27,22.5,28.5
Colombo,2021-05-28,24.0,33.7
Colombo,2021-05-29,24.2,30.9
Colombo,2021-05-30,30.5,39.5
Colombo,2021-05-31,26.5,34.4
Colombo,2021-06-01,29.8,38.1
Colombo,2021-06-02,23.4,31.7
Colombo,2021-06-03,26.0,34.0
Colombo,2021-06-04,24.5,30.3
Colombo,2021-06-05,27.1,32.1
Colombo,2021-06-06,19.9,26.1
Colombo,2021-06-07,21.3,29.3
Colombo,2021-06-08,20.6,25.7
Colombo,2021-06-09,25.8,35.3
Colombo,2021-06-10,22.3,29.2
Colombo,2021-06-11,24.7,33.5
Colombo,2021-06-12,24.7,34.1
Colombo,2021-06-13,23.5,30.3
Colombo,2021-06-14,25.9,35.8
Colombo,2021-06-15,23.6,31.3
Colombo,2021-06-16,26.0,32.1
Colombo,2021-06-17,22.7,30.9
Colombo,2021-06-18,25.0,35.0
Colombo,2021-06-19,25.3,34.7
Colombo,2021-06-20,20.9,27.6
Colombo,2021-06-21,24.3,29.5
Colombo,2021-06-22,23.4,32.2
Colombo,2021-06-23,22.4,32.3
Colombo,2021-06-24,28.9,36.0
Colombo,2021-06-25,25.8,34.4
Colombo,2021-06-26,26.3,34.5
Colombo,2021-06-27,27.7,36.3
Colombo,2021-06-28,25.4,31.0
Colombo,2021-06-29,22.9,32.4
Colombo,2021-06-30,26.9,32.3
Colombo,2021-07-01,22.1,28.8
Colombo,2021-07-02,21.6,27.2
Colombo,2021-07-03,24.7,31.3
Colombo,2021-07-04,25.4,35.0
Colombo,2021-07-05,22.6,30.0
Colombo,2021-07-06,23.1,30.1
Colombo,2021-07-07,22.5,32.2
Colombo,2021-07-08,24.9,34.7
Colombo,2021-07-09,24.0,31.9
Colombo,2021-07-10,23.2,31.0
Colombo,2021-07-11,23.8,29.6
Colombo,2021-07-12,26.1,33.4
Colombo,2021-07-13,23.8,29.9
Colombo,2021-07-14,23.7,30.7
Colombo,2021-07-15,23.3,29.6
Colombo,2021-07-16,27.1,33.5
Colombo,2021-07-17,25.1,30.6
Colombo,2021-07-18,26.4,33.3
Colombo,2021-07-19,24.6,33.8
Colombo,2021-07-20,20.9,29.4
Colombo,2021-07-21,23.2,32.0
Colombo,2021-07-22,24.3,30.3
Colombo,2021-07-23,26.5,36.5
Colombo,2021-07-24,19.2,27.0
Colombo,2021-07-25,25.4,30.7
Colombo,2021-07-26,26.3,35.3
Colombo,2021-07-27,22.0,27.2
Colombo,2021-07-28,21.0,26.3
Colombo,2021-07-29,30.3,37.6
Colombo,2021-07-30,23.9,29.2
Colombo,2021-07-31,22.6,27.8
Colombo,2021-08-01,24.3,30.9
Colombo,2021-08-02,26.0,33.5
Colombo,2021-08-03,22.5,31.7
Colombo,2021-08-04,26.7,34.7
Colombo,2021-08-05,20.7,29.2
Colombo,2021-08-06,23.8,33.5
Colombo,2021-08-07,24.1,32.2
Colombo,2021-08-08,27.0,33.4
Colombo,2021-08-09,23.7,32.4
Colombo,2021-08-10,23.8,28.9
Colombo,2021-08-11,23.3,32.3
Colombo,2021-08-12,19.1,27.3
Colombo,2021-08-13,23.0,29.9
Colombo,2021-08-14,28.5,37.4
Colombo,2021-08-15,23.7,32.7
Colombo,2021-08-16,25.5,32.9
Colombo,2021-08-17,23.4,31.1
Colombo,2021-08-18,24.5,30.7
Colombo,2021-08-19,23.5,29.8
Colombo,2021-08-20,22.4,28.6
Colombo,2021-08-21,24.9,32.1
Colombo,2021-08-22,22.5,32.1
Colombo,2021-08-23,26.0,35.2
Colombo,2021-08-24,25.4,33.1
Colombo,2021-08-25,22.4,32.2
Colombo,2021-08-26,22.5,28.2
Colombo,2021-08-27,26.5,34.7
Colombo,2021-08-28,26.2,35.3
Colombo,2021-08-29,23.3,32.4
Colombo,2021-08-30,23.6,32.1
Colombo,2021-08-31,23.4,28.5
Colombo,2021-09-01,26.8,32.2
Colombo,2021-09-02,25.6,32.1
Colombo,2021-09-03,25.0,31.8
Colombo,2021-09-04,22.2,31.9
Colombo,2021-09-05,21.9,29.3
Colombo,2021-09-06,25.9,33.5
Colombo,2021-09-07,27.3,36.5
Colombo,2021-09-08,18.5,26.6
Colombo,2021-09-09,20.8,30.0
Colombo,2021-09-10,25.3,33.2
Colombo,2021-09-11,23.5,29.5
Colombo,2021-09-12,22.1,27.2
Colombo,2021-09-13,25.4,31.1
Colombo,2021-09-14,21.3,28.1
Colombo,2021-09-15,25.8,34.7
Colombo,2021-09-16,23.1,29.1
Colombo,2021-09-17,27.3,36.5
Colombo,2021-09-18,23.6,29.1
Colombo,2021-09-19,25.9,32.1
Colombo,2021-09-20,23.1,32.7
Colombo,2021-09-21,22.0,31.3
Colombo,2021-09-22,22.8,28.6
Colombo,2021-09-23,24.1,31.8
Colombo,2021-09-24,20.9,29.6
Colombo,2021-09-25,26.2,34.7
Colombo,2021-09-26,23.9,29.3
Colombo,2021-09-27,19.3,24.8
Colombo,2021-09-28,21.0,27.5
Colombo,2021-09-29,21.7,30.4
Colombo,2021-09-30,21.8,30.7
Colombo,2021-10-01,24.4,32.9
Colombo,2021-10-02,23.6,29.3
Colombo,2021-10-03,24.8,33.3
Colombo,2021-10-04,22.6,31.4
Colombo,2021-10-05,25.9,33.0
Colombo,2021-10-06,22.6,29.1
Colombo,2021-10-07,22.4,27.4
Colombo,2021-10-08,24.9,30.3
Colombo,2021-10-09,22.0,29.1
Colombo,2021-10-10,25.8,32.1
Colombo,2021-10-11,27.0,33.0
Colombo,2021-10-12,25.9,32.6
Colombo,2021-10-13,22.3,30.0
Colombo,2021-10-14,23.0,29.8
Colombo,2021-10-15,25.2,32.1
Colombo,2021-10-16,23.6,29.7
Colombo,2021-10-17,26.8,35.2
Colombo,2021-10-18,26.8,34.2
Colombo,2021-10-19,26.3,32.7
Colombo,2021-10-20,27.2,32.8
Colombo,2021-10-21,22.3,30.9
Colombo,2021-10-22,22.8,27.8
Colombo,2021-10-23,25.2,35.1
Colombo,2021-10-24,27.6,36.5
Colombo,2021-10-25,22.2,29.0
Colombo,2021-10-26,23.6,31.4
Colombo,2021-10-27,25.0,33.9
Colombo,2021-10-28,23.8,29.0
Colombo,2021-10-29,19.6,28.3
Colombo,2021-10-30,22.9,32.1
Colombo,2021-10-31,23.1,29.3
Colombo,2021-11-01,23.3,29.9
Colombo,2021-11-02,22.0,31.8
Colombo,2021-11-03,23.5,30.1
Colombo,2021-11-04,19.7,27.9
Colombo,2021-11-05,22.2,31.3
Colombo,2021-11-06,22.9,32.2
Colombo,2021-11-07,23.9,31.3
Colombo,2021-11-08,25.5,33.5
Colombo,2021-11-09,22.8,30.8
Colombo,2021-11-10,25.0,34.6
Colombo,2021-11-11,23.4,28.7
Colombo,2021-11-12,21.3,31.1
Colombo,2021-11-13,24.3,34.0
Colombo,2021-11-14,24.9,31.2
Colombo,2021-11-15,26.9,34.5
Colombo,2021-11-16,23.9,32.5
Colombo,2021-11-17,24.6,31.1
Colombo,2021-11-18,26.3,32.5
Colombo,2021-11-19,24.4,31.8
Colombo,2021-11-20,20.9,30.0
Colombo,2021-11-21,22.7,28.9
Colombo,2021-11-22,25.4,34.1
Colombo,2021-11-23,23.8,30.1
Colombo,2021-11-24,25.0,32.2
Colombo,2021-11-25,26.3,33.1
Colombo,2021-11-26,24.5,32.7
Colombo,2021-11-27,24.3,30.3
Colombo,2021-11-28,23.8,32.5
Colombo,2021-11-29,24.6,34.1
Colombo,2021-11-30,23.8,32.7
Colombo,2021-12-01,25.1,31.0
Colombo,2021-12-02,23.6,29.5
Colombo,2021-12-03,24.1,33.3
Colombo,2021-12-04,20.0,26.6
Colombo,2021-12-05,23.8,30.9
Colombo,2021-12-06,22.3,30.1
Colombo,2021-12-07,22.7,28.0
Colombo,2021-12-08,23.5,30.6
Colombo,2021-12-09,23.5,32.6
Colombo,2021-12-10,25.9,34.9
Colombo,2021-12-11,24.8,33.9
Colombo,2021-12-12,23.7,31.5
Colombo,2021-12-13,22.1,29.0
Colombo,2021-12-14,19.8,25.2
Colombo,2021-12-15,24.1,31.3
Colombo,2021-12-16,27.7,35.8
Colombo,2021-12-17,21.5,27.9
Colombo,2021-12-18,26.1,31.3
Colombo,2021-12-19,23.1,31.0
Colombo,2021-12-20,22.5,30.8
Colombo,2021-12-21,27.0,34.0
Colombo,2021-12-22,25.5,31.1
Colombo,2021-12-23,22.8,30.8
Colombo,2021-12-24,24.8,34.7
Colombo,2021-12-25,22.2,29.6
Colombo,2021-12-26,26.1,35.3
Colombo,2021-12-27,27.1,35.6
Colombo,2021-12-28,22.5,28.4
Colombo,2021-12-29,26.9,34.2
Colombo,2021-12-30,23.4,30.8
Colombo,2021-12-31,24.5,34.3
Colombo,2022-01-01,25.9,31.6
Colombo,2022-01-02,24.8,30.2
Colombo,2022-01-03,21.3,28.9
Colombo,2022-01-04,23.4,29.5
Colombo,2022-01-05,23.2,32.3
Colombo,2022-01-06,24.6,30.9
Colombo,2022-01-07,25.4,32.1
Colombo,2022-01-08,27.8,37.4
Colombo,2022-01-09,26.5,35.0
Colombo,2022-01-10,23.4,29.7
Colombo,2022-01-11,24.1,30.5
Colombo,2022-01-12,26.4,32.0
Colombo,2022-01-13,23.6,28.9
Colombo,2022-01-14,20.0,29.1
Colombo,2022-01-15,23.1,32.0
Colombo,2022-01-16,23.0,31.4
Colombo,2022-01-17,24.3,31.0
Colombo,2022-01-18,22.5,31.7
Colombo,2022-01-19,22.1,27.3
Colombo,2022-01-20,23.0,29.1
Colombo,2022-01-21,21.7,31.2
Colombo,2022-01-22,27.1,35.8
Colombo,2022-01-23,25.4,35.3
Colombo,2022-01-24,20.4,26.2
Colombo,2022-01-25,23.7,32.0
Colombo,2022-01-26,26.3,34.7
Colombo,2022-01-27,25.3,33.3
Colombo,2022-01-28,24.4,31.2
Colombo,2022-01-29,23.9,30.5
Colombo,2022-01-30,22.6,29.0
Colombo,2022-01-31,21.5,29.1
Colombo,2022-02-01,24.2,29.7
Colombo,2022-02-02,24.6,31.1
Colombo,2022-02-03,25.3,33.4
Colombo,2022-02-04,25.6,33.3
Colombo,2022-02-05,25.3,31.0
Colombo,2022-02-06,20.7,30.6
Colombo,2022-02-07,21.2,28.3
Colombo,2022-02-08,25.9,34.4
Colombo,2022-02-09,25.8,34.0
Colombo,2022-02-10,22.3,29.2
Colombo,2022-02-11,22.3,27.7
Colombo,2022-02-12,24.2,31.2
Colombo,2022-02-13,21.1,27.7
Colombo,2022-02-14,22.6,28.9
Colombo,2022-02-15,25.0,34.8
Colombo,2022-02-16,23.3,31.7
Colombo,2022-02-17,25.1,34.0
Colombo,2022-02-18,21.4,30.5
Colombo,2022-02-19,25.7,33.9
Colombo,2022-02-20,28.0,36.9
Colombo,2022-02-21,22.6,31.6
Colombo,2022-02-22,25.4,31.4
Colombo,2022-02-23,21.6,31.4
Colombo,2022-02-24,22.1,28.1
Colombo,2022-02-25,25.4,34.6
Colombo,2022-02-26,23.9,29.0
Colombo,2022-02-27,22.8,27.8
Colombo,2022-02-28,24.3,29.9
Colombo,2022-03-01,21.3,27.8
Colombo,2022-03-02,23.9,32.0
Colombo,2022-03-03,26.7,34.9
Colombo,2022-03-04,25.5,35.0
Colombo,2022-03-05,25.7,31.9
Colombo,2022-03-06,24.6,30.2
Colombo,2022-03-07,27.1,33.4
Colombo,2022-03-08,20.9,25.9
Colombo,2022-03-09,22.0,31.9
Colombo,2022-03-10,25.8,31.3
Colombo,2022-03-11,27.7,37.6
Colombo,2022-03-12,25.4,33.0
Colombo,2022-03-13,22.6,28.6
Colombo,2022-03-14,23.7,29.2
Colombo,2022-03-15,24.1,29.5
Colombo,2022-03-16,27.8,33.7
Colombo,2022-03-17,27.4,33.6
Colombo,2022-03-18,26.5,35.5
Colombo,2022-03-19,26.5,34.7
Colombo,2022-03-20,20.3,29.2
Colombo,2022-03-21,21.7,31.6
Colombo,2022-03-22,24.0,31.8
Colombo,2022-03-23,23.7,32.2
Colombo,2022-03-24,27.0,33.5
Colombo,2022-03-25,25.8,32.5
Colombo,2022-03-26,24.8,33.4
Colombo,2022-03-27,25.1,33.9
Colombo,2022-03-28,23.9,32.1
Colombo,2022-03-29,23.9,30.6
Colombo,2022-03-30,22.9,28.8
Colombo,2022-03-31,24.2,33.3
Colombo,2022-04-01,21.7,30.0
Colombo,2022-04-02,26.2,33.6
Colombo,2022-04-03,23.5,30.3
Colombo,2022-04-04,24.1,29.2
Colombo,2022-04-05,22.6,28.2
Colombo,2022-04-06,21.4,27.3
Colombo,2022-04-07,23.6,30.5
Colombo,2022-04-08,23.8,30.5
Colombo,2022-04-09,23.5,33.0
Colombo,2022-04-10,27.1,34.6
Colombo,2022-04-11,23.7,30.8
Colombo,2022-04-12,22.6,29.3
Colombo,2022-04-13,25.4,34.7
Colombo,2022-04-14,24.2,30.1
Colombo,2022-04-15,28.0,34.3
Colombo,2022-04-16,24.3,29.9
Colombo,2022-04-17,22.8,28.6
Colombo,2022-04-18,25.1,30.7
Colombo,2022-04-19,25.1,32.8
Colombo,2022-04-20,18.5,25.9
Colombo,2022-04-21,24.8,34.5
Colombo,2022-04-22,21.6,27.3
Colombo,2022-04-23,24.3,31.3
Colombo,2022-04-24,24.7,31.9
Colombo,2022-04-25,25.2,32.7
Colombo,2022-04-26,22.4,31.8
Colombo,2022-04-27,27.7,37.1
Colombo,2022-04-28,22.1,31.5
Colombo,2022-04-29,19.6,28.1
Colombo,2022-04-30,25.1,33.5
Colombo,2022-05-01,22.3,29.5
Colombo,2022-05-02,21.6,31.4
Colombo,2022-05-03,25.5,33.6
Colombo,2022-05-04,22.1,28.6
Colombo,2022-05-05,24.8,30.9
Colombo,2022-05-06,23.6,32.2
Colombo,2022-05-07,22.0,29.4
Colombo,2022-05-08,20.8,26.4
Colombo,2022-05-09,19.2,25.3
Colombo,2022-05-10,27.4,36.8
Colombo,2022-05-11,26.1,34.0
Colombo,2022-05-12,24.6,33.7
Colombo,2022-05-13,24.7,30.1
Colombo,2022-05-14,25.2,33.9
Colombo,2022-05-15,24.6,34.3
Colombo,2022-05-16,26.2,31.6
Colombo,2022-05-17,23.8,31.3
Colombo,2022-05-18,25.8,31.0
Colombo,2022-05-19,20.8,29.9
Colombo,2022-05-20,22.2,27.4
Colombo,2022-05-21,23.6,31.2
Colombo,2022-05-22,26.2,36.0
Colombo,2022-05-23,25.9,33.2
Colombo,2022-05-24,22.4,32.0
Colombo,2022-05-25,23.1,30.7
Colombo,2022-05-26,22.6,29.0
Colombo,2022-05-27,23.3,32.9
Colombo,2022-05-28,24.2,33.4
Colombo,2022-05-29,24.5,31.3
Colombo,2022-05-30,24.0,33.8
Colombo,2022-05-31,27.6,36.9
Colombo,2022-06-01,22.8,29.8
Colombo,2022-06-02,27.7,36.1
Colombo,2022-06-03,22.0,31.5
Colombo,2022-06-04,22.5,28.4
Colombo,2022-06-05,24.4,31.9
Colombo,2022-06-06,29.6,36.1
Colombo,2022-06-07,23.3,32.6
Colombo,2022-06-08,24.3,31.8
Colombo,2022-06-09,17.7,26.5
Colombo,2022-06-10,24.4,32.7
Colombo,2022-06-11,23.2,32.3
Colombo,2022-06-12,25.3,33.1
Colombo,2022-06-13,26.7,34.6
Colombo,2022-06-14,22.6,28.6
Colombo,2022-06-15,21.0,27.2
Colombo,2022-06-16,27.8,34.9
Colombo,2022-06-17,23.3,32.8
Colombo,2022-06-18,24.4,30.2
Colombo,2022-06-19,22.5,28.7
Colombo,2022-06-20,23.6,32.8
Colombo,2022-06-21,22.1,31.8
Colombo,2022-06-22,24.5,33.3
Colombo,2022-06-23,23.7,29.3
Colombo,2022-06-24,26.4,33.7
Colombo,2022-06-25,20.9,28.9
Colombo,2022-06-26,25.0,32.2
Colombo,2022-06-27,22.5,27.7
Colombo,2022-06-28,23.3,33.0
Colombo,2022-06-29,22.8,28.3
Colombo,2022-06-30,28.0,36.0
Colombo,2022-07-01,25.5,32.7
Colombo,2022-07-02,25.4,31.8
Colombo,2022-07-03,26.1,32.1
Colombo,2022-07-04,23.6,30.7
Colombo,2022-07-05,22.4,27.6
Colombo,2022-07-06,23.6,31.3
Colombo,2022-07-07,22.5,27.5
Colombo,2022-07-08,23.4,32.0
Colombo,2022-07-09,25.2,32.0
Colombo,2022-07-10,27.6,37.2
Colombo,2022-07-11,25.0,34.4
Colombo,2022-07-12,26.5,35.3
Colombo,2022-07-13,26.3,35.8
Colombo,2022-07-14,25.6,34.5
Colombo,2022-07-15,25.3,33.2
Colombo,2022-07-16,20.3,28.7
Colombo,2022-07-17,23.9,29.4
Colombo,2022-07-18,22.8,28.5
Colombo,2022-07-19,27.5,34.5
Colombo,2022-07-20,23.6,31.9
Colombo,2022-07-21,27.6,35.6
Colombo,2022-07-22,20.1,26.0
Colombo,2022-07-23,25.6,31.1
Colombo,2022-07-24,25.7,33.2
Colombo,2022-07-25,24.3,32.7
Colombo,2022-07-26,23.5,29.6
Colombo,2022-07-27,25.4,31.6
Colombo,2022-07-28,27.4,35.3
Colombo,2022-07-29,23.3,31.4
Colombo,2022-07-30,23.6,31.9
Colombo,2022-07-31,24.5,30.3
Colombo,2022-08-01,23.2,31.8
Colombo,2022-08-02,26.0,33.8
Colombo,2022-08-03,26.8,33.9
Colombo,2022-08-04,25.5,32.7
Colombo,2022-08-05,24.6,33.2
Colombo,2022-08-06,25.0,33.4
Colombo,2022-08-07,20.2,29.3
Colombo,2022-08-08,22.2,30.4
Colombo,2022-08-09,20.7,29.9
Colombo,2022-08-10,26.3,32.5
Colombo,2022-08-11,21.5,31.1
Colombo,2022-08-12,24.4,33.8
Colombo,2022-08-13,27.4,36.7
Colombo,2022-08-14,25.7,35.6
Colombo,2022-08-15,24.2,32.9
Colombo,2022-08-16,22.6,28.7
Colombo,2022-08-17,22.7,29.8
Colombo,2022-08-18,24.5,32.2
Colombo,2022-08-19,24.8,31.9
Colombo,2022-08-20,23.7,32.2
Colombo,2022-08-21,22.0,30.3
Colombo,2022-08-22,20.7,27.0
Colombo,2022-08-23,23.3,30.0
Colombo,2022-08-24,22.6,32.4
Colombo,2022-08-25,26.5,34.1
Colombo,2022-08-26,27.0,34.1
Colombo,2022-08-27,20.0,27.2
Colombo,2022-08-28,24.3,29.5
Colombo,2022-08-29,29.2,36.3
Colombo,2022-08-30,26.9,33.3
Colombo,2022-08-31,23.2,31.6
Colombo,2022-09-01,26.0,33.9
Colombo,2022-09-02,24.4,32.4
Colombo,2022-09-03,24.5,32.2
Colombo,2022-09-04,27.6,37.4
Colombo,2022-09-05,22.3,27.4
Colombo,2022-09-06,26.3,36.0
Colombo,2022-09-07,22.6,28.2
Colombo,2022-09-08,25.0,34.8
Colombo,2022-09-09,23.8,28.8
Colombo,2022-09-10,24.1,33.9
Colombo,2022-09-11,29.1,34.6
Colombo,2022-09-12,22.6,31.6
Colombo,2022-09-13,27.3,33.1
Colombo,2022-09-14,22.5,31.8
Colombo,2022-09-15,24.1,29.3
Colombo,2022-09-16,26.5,33.2
Colombo,2022-09-17,24.1,32.9
Colombo,2022-09-18,24.6,30.6
Colombo,2022-09-19,23.9,29.4
Colombo,2022-09-20,24.0,30.1
Colombo,2022-09-21,25.8,34.9
Colombo,2022-09-22,25.4,35.4
Colombo,2022-09-23,22.7,29.8
Colombo,2022-09-24,25.5,32.3
Colombo,2022-09-25,24.8,32.2
Colombo,2022-09-26,25.7,34.1
Colombo,2022-09-27,25.3,33.9
Colombo,2022-09-28,25.3,31.3
Colombo,2022-09-29,23.0,30.3
Colombo,2022-09-30,22.5,29.7
Colombo,2022-10-01,25.5,34.6
Colombo,2022-10-02,24.5,32.8
Colombo,2022-10-03,26.5,31.5
Colombo,2022-10-04,26.0,31.8
Colombo,2022-10-05,27.2,36.5
Colombo,2022-10-06,23.5,29.7
Colombo,2022-10-07,23.5,30.6
Colombo,2022-10-08,24.2,31.2
Colombo,2022-10-09,22.4,29.6
Colombo,2022-10-10,25.5,33.3
Colombo,2022-10-11,28.5,36.0
Colombo,2022-10-12,25.7,34.3
Colombo,2022-10-13,26.7,32.6
Colombo,2022-10-14,22.9,30.9
Colombo,2022-10-15,25.9,32.5
Colombo,2022-10-16,24.7,31.4
Colombo,2022-10-17,21.1,26.7
Colombo,2022-10-18,23.8,32.5
Colombo,2022-10-19,22.6,29.8
Colombo,2022-10-20,27.1,33.2
Colombo,2022-10-21,19.4,25.3
Colombo,2022-10-22,22.9,30.9
Colombo,2022-10-23,24.4,30.4
Colombo,2022-10-24,22.2,31.9
Colombo,2022-10-25,26.7,36.5
Colombo,2022-10-26,26.4,33.7
Colombo,2022-10-27,25.0,34.0
Colombo,2022-10-28,23.1,32.6
Colombo,2022-10-29,22.1,29.6
Colombo,2022-10-30,24.8,31.6
Colombo,2022-10-31,25.1,32.5
Colombo,2022-11-01,24.7,33.7
Colombo,2022-11-02,23.8,29.4
Colombo,2022-11-03,24.9,30.9
Colombo,2022-11-04,23.2,28.4
Colombo,2022-11-05,24.9,34.2
Colombo,2022-11-06,24.8,32.0
Colombo,2022-11-07,23.7,29.4
Colombo,2022-11-08,22.2,29.8
Colombo,2022-11-09,22.9,31.8
Colombo,2022-11-10,25.0,31.1
Colombo,2022-11-11,25.1,34.3
Colombo,2022-11-12,25.9,34.5
Colombo,2022-11-13,23.8,29.5
Colombo,2022-11-14,22.5,29.0
Colombo,2022-11-15,21.6,28.2
Colombo,2022-11-16,24.3,31.1
Colombo,2022-11-17,28.7,36.1
Colombo,2022-11-18,22.5,28.9
Colombo,2022-11-19,24.6,30.3
Colombo,2022-11-20,22.5,30.7
Colombo,2022-11-21,26.5,34.3
Colombo,2022-11-22,23.9,29.5
Colombo,2022-11-23,28.0,35.2
Colombo,2022-11-24,24.6,34.3
Colombo,2022-11-25,23.6,29.9
Colombo,2022-11-26,23.7,30.1
Colombo,2022-11-27,20.1,25.2
Colombo,2022-11-28,23.9,32.6
Colombo,2022-11-29,25.7,33.3
Colombo,2022-11-30,23.1,31.8
Colombo,2022-12-01,24.3,33.1
Colombo,2022-12-02,22.4,32.1
Colombo,2022-12-03,23.9,31.6
Colombo,2022-12-04,22.8,30.5
Colombo,2022-12-05,26.0,31.5
Colombo,2022-12-06,22.1,30.2
Colombo,2022-12-07,23.7,31.6
Colombo,2022-12-08,30.5,36.8
Colombo,2022-12-09,24.7,29.8
Colombo,2022-12-10,23.9,33.6
Colombo,2022-12-11,22.7,30.0
Colombo,2022-12-12,23.5,30.7
Colombo,2022-12-13,23.7,30.0
Colombo,2022-12-14,26.8,34.5
Colombo,2022-12-15,26.6,34.2
Colombo,2022-12-16,27.2,36.2
Colombo,2022-12-17,21.2,28.5
Colombo,2022-12-18,23.6,33.0
Colombo,2022-12-19,20.6,25.8
Colombo,2022-12-20,30.0,36.0
Colombo,2022-12-21,24.9,30.5
Colombo,2022-12-22,22.2,31.4
Colombo,2022-12-23,22.9,31.6
Colombo,2022-12-24,26.3,35.0
Colombo,2022-12-25,16.2,21.9
Colombo,2022-12-26,21.7,29.2
Colombo,2022-12-27,22.3,32.0
Colombo,2022-12-28,20.0,27.4
Colombo,2022-12-29,25.6,32.4
Colombo,2022-12-30,22.2,27.8
Colombo,2022-12-31,23.3,31.9
Colombo,2023-01-01,25.7,35.3
Colombo,2023-01-02,24.5,34.2
Colombo,2023-01-03,26.3,33.8
Colombo,2023-01-04,28.2,36.3
Colombo,2023-01-05,24.6,34.0
Colombo,2023-01-06,24.1,29.3
Colombo,2023-01-07,26.8,31.9
Colombo,2023-01-08,19.0,28.0
Colombo,2023-01-09,22.6,31.3
Colombo,2023-01-10,24.2,32.2
Colombo,2023-01-11,20.3,28.2
Colombo,2023-01-12,25.0,31.7
Colombo,2023-01-13,26.4,34.0
Colombo,2023-01-14,23.1,30.3
Colombo,2023-01-15,21.4,26.8
Colombo,2023-01-16,23.6,31.6
Colombo,2023-01-17,23.9,33.7
Colombo,2023-01-18,21.4,27.2
Colombo,2023-01-19,19.9,28.2
Colombo,2023-01-20,21.6,29.3
Colombo,2023-01-21,19.7,24.8
Colombo,2023-01-22,22.8,32.6
Colombo,2023-01-23,25.0,33.0
Colombo,2023-01-24,26.2,33.8
Colombo,2023-01-25,27.3,33.8
Colombo,2023-01-26,22.7,31.6
Colombo,2023-01-27,21.4,29.8
Colombo,2023-01-28,24.0,31.9
Colombo,2023-01-29,19.6,27.8
Colombo,2023-01-30,22.3,29.4
Colombo,2023-01-31,25.4,30.6
Colombo,2023-02-01,21.3,29.8
Colombo,2023-02-02,21.8,31.2
Colombo,2023-02-03,22.7,29.5
Colombo,2023-02-04,23.0,28.8
Colombo,2023-02-05,29.3,37.9
Colombo,2023-02-06,22.8,30.5
Colombo,2023-02-07,24.4,30.3
Colombo,2023-02-08,24.2,29.9
Colombo,2023-02-09,23.3,28.3
Colombo,2023-02-10,23.2,29.1
Colombo,2023-02-11,25.5,31.8
Colombo,2023-02-12,25.1,34.4
Colombo,2023-02-13,23.5,31.9
Colombo,2023-02-14,26.8,33.6
Colombo,2023-02-15,24.7,30.5
Colombo,2023-02-16,23.0,31.9
Colombo,2023-02-17,25.4,33.1
Colombo,2023-02-18,25.8,32.0
Colombo,2023-02-19,22.1,28.6
Colombo,2023-02-20,24.1,32.4
Colombo,2023-02-21,23.8,33.3
Colombo,2023-02-22,29.2,34.8
Colombo,2023-02-23,25.5,32.2
Colombo,2023-02-24,23.2,30.8
Colombo,2023-02-25,24.8,33.3
Colombo,2023-02-26,28.1,35.7
Colombo,2023-02-27,21.6,30.2
Colombo,2023-02-28,25.7,33.8
Colombo,2023-03-01,26.1,33.6
Colombo,2023-03-02,23.3,28.5
Colombo,2023-03-03,26.2,32.4
Colombo,2023-03-04,23.4,30.6
Colombo,2023-03-05,24.8,33.8
Colombo,2023-03-06,25.7,33.4
Colombo,2023-03-07,23.2,29.3
Colombo,2023-03-08,23.8,31.0
Colombo,2023-03-09,25.8,31.3
Colombo,2023-03-10,23.2,32.0
Colombo,2023-03-11,20.7,27.0
Colombo,2023-03-12,21.5,29.7
Colombo,2023-03-13,27.0,36.0
Colombo,2023-03-14,24.1,31.7
Colombo,2023-03-15,25.7,33.6
Colombo,2023-03-16,23.2,28.6
Colombo,2023-03-17,19.7,26.4
Colombo,2023-03-18,22.8,30.1
Colombo,2023-03-19,21.6,31.1
Colombo,2023-03-20,24.1,30.5
Colombo,2023-03-21,26.0,32.1
Colombo,2023-03-22,23.8,32.8
Colombo,2023-03-23,20.9,30.6
Colombo,2023-03-24,23.1,28.2
Colombo,2023-03-25,24.4,32.7
Colombo,2023-03-26,24.1,29.4
Colombo,2023-03-27,23.0,28.9
Colombo,2023-03-28,23.5,33.2
Colombo,2023-03-29,26.0,33.6
Colombo,2023-03-30,24.6,33.3
Colombo,2023-03-31,21.6,27.4
Colombo,2023-04-01,21.4,30.1
Colombo,2023-04-02,25.0,33.4
Colombo,2023-04-03,25.7,32.8
Colombo,2023-04-04,26.5,33.4
Colombo,2023-04-05,24.7,34.0
Colombo,2023-04-06,24.9,30.1
Colombo,2023-04-07,24.6,33.1
Colombo,2023-04-08,23.4,31.1
Colombo,2023-04-09,21.6,30.3
Colombo,2023-04-10,25.7,32.3
Colombo,2023-04-11,23.1,29.9
Colombo,2023-04-12,26.3,33.7
Colombo,2023-04-13,23.3,28.6
Colombo,2023-04-14,21.9,27.0
Colombo,2023-04-15,24.8,34.7
Colombo,2023-04-16,23.8,31.0
Colombo,2023-04-17,21.8,30.0
Colombo,2023-04-18,20.4,30.2
Colombo,2023-04-19,24.9,30.7
Colombo,2023-04-20,22.9,28.7
Colombo,2023-04-21,24.7,31.3
Colombo,2023-04-22,24.6,32.9
Colombo,2023-04-23,25.2,32.6
Colombo,2023-04-24,23.7,30.6
Colombo,2023-04-25,24.6,34.1
Colombo,2023-04-26,22.5,28.7
Colombo,2023-04-27,26.9,36.3
Colombo,2023-04-28,23.2,32.5
Colombo,2023-04-29,26.5,36.1
Colombo,2023-04-30,24.4,30.3
Colombo,2023-05-01,25.6,34.7
Colombo,2023-05-02,27.3,33.6
Colombo,2023-05-03,22.7,30.7
Colombo,2023-05-04,26.0,32.3
Colombo,2023-05-05,23.1,33.1
Colombo,2023-05-06,24.9,30.3
Colombo,2023-05-07,23.6,32.8
Colombo,2023-05-08,24.6,31.3
Colombo,2023-05-09,21.7,27.7
Colombo,2023-05-10,25.3,31.8
Colombo,2023-05-11,22.4,27.8
Colombo,2023-05-12,25.0,32.8
Colombo,2023-05-13,24.2,29.3
Colombo,2023-05-14,23.6,32.9
Colombo,2023-05-15,25.9,34.8
Colombo,2023-05-16,26.6,35.0
Colombo,2023-05-17,27.2,35.8
Colombo,2023-05-18,18.6,25.8
Colombo,2023-05-19,26.4,36.3
Colombo,2023-05-20,24.4,34.3
Colombo,2023-05-21,24.0,31.0
Colombo,2023-05-22,28.0,34.6
Colombo,2023-05-23,27.3,34.4
Colombo,2023-05-24,27.5,35.0
Colombo,2023-05-25,23.3,30.3
Colombo,2023-05-26,26.0,32.1
Colombo,2023-05-27,20.2,29.5
Colombo,2023-05-28,22.3,30.4
Colombo,2023-05-29,23.3,29.3
Colombo,2023-05-30,23.7,29.4
Colombo,2023-05-31,22.2,28.3
Colombo,2023-06-01,27.4,35.5
Colombo,2023-06-02,24.1,33.8
Colombo,2023-06-03,22.0,27.1
Colombo,2023-06-04,21.7,30.9
Colombo,2023-06-05,24.5,30.7
Colombo,2023-06-06,23.5,32.6
Colombo,2023-06-07,25.2,34.7
Colombo,2023-06-08,23.1,31.2
Colombo,2023-06-09,25.3,32.8
Colombo,2023-06-10,26.5,33.0
Colombo,2023-06-11,22.6,29.4
Colombo,2023-06-12,25.7,35.5
Colombo,2023-06-13,24.7,34.0
Colombo,2023-06-14,24.9,34.7
Colombo,2023-06-15,21.7,27.9
Colombo,2023-06-16,26.4,32.4
Colombo,2023-06-17,26.6,34.5
Colombo,2023-06-18,20.9,30.4
Colombo,2023-06-19,25.6,31.4
Colombo,2023-06-20,32.5,42.3
Colombo,2023-06-21,24.1,29.9
Colombo,2023-06-22,26.6,32.3
Colombo,2023-06-23,24.4,32.4
Colombo,2023-06-24,21.0,30.7
Colombo,2023-06-25,26.3,34.2
Colombo,2023-06-26,25.8,31.2
Colombo,2023-06-27,23.9,33.4
Colombo,2023-06-28,23.6,33.3
Colombo,2023-06-29,20.3,26.8
Colombo,2023-06-30,27.3,35.5
Colombo,2023-07-01,28.4,35.0
Colombo,2023-07-02,23.3,33.1
Colombo,2023-07-03,24.9,33.6
Colombo,2023-07-04,19.9,27.6
Colombo,2023-07-05,23.2,31.3
Colombo,2023-07-06,25.1,32.6
Colombo,2023-07-07,22.8,31.3
Colombo,2023-07-08,22.8,32.1
Colombo,2023-07-09,22.7,28.2
Colombo,2023-07-10,24.2,33.2
Colombo,2023-07-11,28.3,36.4
Colombo,2023-07-12,26.0,35.8
Colombo,2023-07-13,23.2,28.4
Colombo,2023-07-14,25.2,32.1
Colombo,2023-07-15,27.6,33.4
Colombo,2023-07-16,23.5,32.5
Colombo,2023-07-17,23.5,29.4
Colombo,2023-07-18,25.9,31.5
Colombo,2023-07-19,24.1,32.0
Colombo,2023-07-20,25.2,31.0
Colombo,2023-07-21,24.2,30.0
Colombo,2023-07-22,23.7,32.5
Colombo,2023-07-23,30.1,38.9
Colombo,2023-07-24,22.3,27.6
Colombo,2023-07-25,23.3,32.5
Colombo,2023-07-26,25.3,30.7
Colombo,2023-07-27,25.8,31.4
Colombo,2023-07-28,23.9,30.8
Colombo,2023-07-29,23.5,29.5
Colombo,2023-07-30,24.1,32.5
Colombo,2023-07-31,23.4,29.7
Colombo,2023-08-01,25.1,32.3
Colombo,2023-08-02,21.5,29.7
Colombo,2023-08-03,23.4,29.4
Colombo,2023-08-04,24.9,30.1
Colombo,2023-08-05,25.3,35.3
Colombo,2023-08-06,23.9,31.0
Colombo,2023-08-07,25.6,33.6
Colombo,2023-08-08,19.3,24.4
Colombo,2023-08-09,24.0,29.4
Colombo,2023-08-10,22.5,31.9
Colombo,2023-08-11,25.2,33.5
Colombo,2023-08-12,25.0,31.9
Colombo,2023-08-13,27.5,36.6
Colombo,2023-08-14,22.3,28.7
Colombo,2023-08-15,20.4,26.6
Colombo,2023-08-16,26.8,35.6
Colombo,2023-08-17,24.1,32.0
Colombo,2023-08-18,23.3,31.9
Colombo,2023-08-19,25.6,31.7
Colombo,2023-08-20,20.2,30.0
Colombo,2023-08-21,22.8,29.3
Colombo,2023-08-22,24.1,32.3
Colombo,2023-08-23,23.9,29.7
Colombo,2023-08-24,24.3,31.9
Colombo,2023-08-25,25.5,33.1
Colombo,2023-08-26,24.1,32.1
Colombo,2023-08-27,22.5,29.1
Colombo,2023-08-28,22.6,29.8
Colombo,2023-08-29,24.8,32.6
Colombo,2023-08-30,26.7,34.7
Colombo,2023-08-31,23.6,31.4
Colombo,2023-09-01,27.7,33.5
Colombo,2023-09-02,23.2,32.1
Colombo,2023-09-03,23.2,30.1
Colombo,2023-09-04,24.1,30.5
Colombo,2023-09-05,28.6,36.2
Colombo,2023-09-06,22.7,32.4
Colombo,2023-09-07,22.3,28.0
Colombo,2023-09-08,26.1,35.0
Colombo,2023-09-09,25.2,33.4
Colombo,2023-09-10,22.0,31.0
Colombo,2023-09-11,24.9,32.8
Colombo,2023-09-12,25.9,35.5
Colombo,2023-09-13,24.1,33.1
Colombo,2023-09-14,25.1,34.6
Colombo,2023-09-15,24.5,34.5
Colombo,2023-09-16,23.6,31.6
Colombo,2023-09-17,22.7,29.3
Colombo,2023-09-18,24.7,34.7
Colombo,2023-09-19,24.3,29.5
Colombo,2023-09-20,22.7,30.5
Colombo,2023-09-21,25.1,31.7
Colombo,2023-09-22,23.0,31.2
Colombo,2023-09-23,24.5,29.6
Colombo,2023-09-24,27.8,34.4
Colombo,2023-09-25,22.1,28.1
Colombo,2023-09-26,23.6,31.9
Colombo,2023-09-27,24.6,32.1
Colombo,2023-09-28,23.3,32.0
Colombo,2023-09-29,25.4,33.6
Colombo,2023-09-30,22.5,32.4
Colombo,2023-10-01,20.7,26.6
Colombo,2023-10-02,21.8,27.7
Colombo,2023-10-03,23.0,30.3
Colombo,2023-10-04,26.8,36.6
Colombo,2023-10-05,25.0,34.8
Colombo,2023-10-06,20.5,27.3
Colombo,2023-10-07,21.6,28.6
Colombo,2023-10-08,24.2,31.3
Colombo,2023-10-09,25.7,34.6
Colombo,2023-10-10,22.1,28.7
Colombo,2023-10-11,24.7,33.1
Colombo,2023-10-12,22.8,28.8
Colombo,2023-10-13,24.0,31.8
Colombo,2023-10-14,23.8,32.7
Colombo,2023-10-15,27.3,36.7
Colombo,2023-10-16,22.5,31.0
Colombo,2023-10-17,23.0,32.9
Colombo,2023-10-18,26.6,34.8
Colombo,2023-10-19,23.4,30.6
Colombo,2023-10-20,25.8,34.9
Colombo,2023-10-21,21.7,30.5
Colombo,2023-10-22,21.8,31.5
Colombo,2023-10-23,24.8,31.1
Colombo,2023-10-24,24.1,32.4
Colombo,2023-10-25,21.3,29.8
Colombo,2023-10-26,24.0,33.7
Colombo,2023-10-27,26.8,33.7
Colombo,2023-10-28,25.5,31.6
Colombo,2023-10-29,25.8,34.9
Colombo,2023-10-30,22.5,32.1
Colombo,2023-10-31,24.7,32.3
Colombo,2023-11-01,25.4,31.6
Colombo,2023-11-02,22.6,30.0
Colombo,2023-11-03,25.0,34.4
Colombo,2023-11-04,21.6,28.3
Colombo,2023-11-05,24.5,30.2
Colombo,2023-11-06,23.2,30.9
Colombo,2023-11-07,28.0,34.9
Colombo,2023-11-08,23.1,30.8
Colombo,2023-11-09,24.0,29.7
Colombo,2023-11-10,22.2,27.8
Colombo,2023-11-11,26.7,33.0
Colombo,2023-11-12,21.3,29.7
Colombo,2023-11-13,23.0,31.1
Colombo,2023-11-14,20.4,30.1
Colombo,2023-11-15,21.4,28.8
Colombo,2023-11-16,25.4,34.4
Colombo,2023-11-17,25.0,30.7
Colombo,2023-11-18,25.7,31.0
Colombo,2023-11-19,25.6,35.5
Colombo,2023-11-20,24.8,33.8
Colombo,2023-11-21,24.3,34.0
Colombo,2023-11-22,19.0,26.3
Colombo,2023-11-23,24.0,29.8
Colombo,2023-11-24,22.5,30.7
Colombo,2023-11-25,25.1,32.7
Colombo,2023-11-26,25.3,30.8
Colombo,2023-11-27,23.2,31.8
Colombo,2023-11-28,22.4,29.8
Colombo,2023-11-29,26.1,34.2
Colombo,2023-11-30,23.9,33.4
Colombo,2023-12-01,22.5,28.4
Colombo,2023-12-02,25.9,32.5
Colombo,2023-12-03,25.0,34.0
Colombo,2023-12-04,26.7,36.2
Colombo,2023-12-05,23.0,32.2
Colombo,2023-12-06,24.8,29.9
Colombo,2023-12-07,25.0,30.3
Colombo,2023-12-08,25.4,33.2
Colombo,2023-12-09,20.0,25.2
Colombo,2023-12-10,21.6,28.3
Colombo,2023-12-11,26.0,32.2
Colombo,2023-12-12,26.9,36.6
Colombo,2023-12-13,23.9,32.2
Colombo,2023-12-14,24.0,33.8
Colombo,2023-12-15,26.8,33.0
Colombo,2023-12-16,23.9,31.5
Colombo,2023-12-17,24.9,34.6
Colombo,2023-12-18,21.9,28.5
Colombo,2023-12-19,22.1,28.5
Colombo,2023-12-20,22.4,28.6
Colombo,2023-12-21,25.4,32.6
Colombo,2023-12-22,24.9,32.4
Colombo,2023-12-23,27.9,34.9
Colombo,2023-12-24,23.7,33.0
Colombo,2023-12-25,22.6,30.3
Colombo,2023-12-26,24.8,31.1
Colombo,2023-12-27,26.2,31.6
Colombo,2023-12-28,19.7,25.5
Colombo,2023-12-29,26.9,32.5
Colombo,2023-12-30,22.6,29.9
Colombo,2023-12-31,23.1,33.1
Colombo,2024-01-01,23.7,31.1
Colombo,2024-01-02,23.1,32.1
Colombo,2024-01-03,22.8,31.8
Colombo,2024-01-04,22.1,27.9
Colombo,2024-01-05,26.3,33.4
Colombo,2024-01-06,24.3,34.0
Colombo,2024-01-07,24.6,32.4
Colombo,2024-01-08,24.1,33.3
Colombo,2024-01-09,21.7,30.2
Colombo,2024-01-10,26.6,35.2
Colombo,2024-01-11,24.2,33.0
Colombo,2024-01-12,23.8,33.8
Colombo,2024-01-13,22.2,28.8
Colombo,2024-01-14,24.9,31.7
Colombo,2024-01-15,25.0,31.4
Colombo,2024-01-16,20.6,25.6
Colombo,2024-01-17,26.4,35.0
Colombo,2024-01-18,25.6,31.6
Colombo,2024-01-19,26.3,33.9
Colombo,2024-01-20,24.7,31.9
Colombo,2024-01-21,21.8,30.4
Colombo,2024-01-22,24.2,30.5
Colombo,2024-01-23,25.3,31.2
Colombo,2024-01-24,24.3,30.6
Colombo,2024-01-25,24.9,30.7
Colombo,2024-01-26,23.8,30.5
Colombo,2024-01-27,23.8,31.0
Colombo,2024-01-28,27.0,34.9
Colombo,2024-01-29,28.3,35.6
Colombo,2024-01-30,22.9,28.3
Colombo,2024-01-31,22.1,32.0
Colombo,2024-02-01,29.3,37.4
Colombo,2024-02-02,24.4,31.9
Colombo,2024-02-03,23.2,29.6
Colombo,2024-02-04,20.6,27.6
Colombo,2024-02-05,29.0,37.4
Colombo,2024-02-06,24.3,31.5
Colombo,2024-02-07,25.6,32.1
Colombo,2024-02-08,26.2,34.3
Colombo,2024-02-09,24.5,33.2
Colombo,2024-02-10,25.0,34.1
Colombo,2024-02-11,26.3,31.6
Colombo,2024-02-12,23.3,31.8
Colombo,2024-02-13,24.3,29.6
Colombo,2024-02-14,29.0,34.3
Colombo,2024-02-15,23.4,31.9
Colombo,2024-02-16,22.1,31.1
Colombo,2024-02-17,23.9,29.0
Colombo,2024-02-18,26.5,33.1
Colombo,2024-02-19,20.8,26.8
Colombo,2024-02-20,25.5,34.6
Colombo,2024-02-21,21.8,28.0
Colombo,2024-02-22,25.0,32.3
Colombo,2024-02-23,22.7,29.5
Colombo,2024-02-24,21.0,26.4
Colombo,2024-02-25,23.6,31.5
Colombo,2024-02-26,22.2,31.5
Colombo,2024-02-27,22.3,27.6
Colombo,2024-02-28,24.7,34.5
Colombo,2024-02-29,25.3,34.3
Colombo,2024-03-01,24.3,33.1
Colombo,2024-03-02,28.5,34.8
Colombo,2024-03-03,23.8,30.0
Colombo,2024-03-04,22.0,29.7
Colombo,2024-03-05,20.5,27.1
Colombo,2024-03-06,23.8,29.0
Colombo,2024-03-07,26.4,34.7
Colombo,2024-03-08,24.8,30.3
Colombo,2024-03-09,21.8,28.5
Colombo,2024-03-10,23.8,33.3
Colombo,2024-03-11,22.0,31.1
Colombo,2024-03-12,24.0,30.3
Colombo,2024-03-13,24.7,30.1
Colombo,2024-03-14,26.3,32.6
Colombo,2024-03-15,23.1,30.5
Colombo,2024-03-16,23.6,33.5
Colombo,2024-03-17,24.1,30.1
Colombo,2024-03-18,23.5,33.2
Colombo,2024-03-19,21.7,31.6
Colombo,2024-03-20,22.9,31.0
Colombo,2024-03-21,19.5,28.1
Colombo,2024-03-22,21.4,29.9
Colombo,2024-03-23,22.5,32.5
Colombo,2024-03-24,24.3,31.2
Colombo,2024-03-25,19.4,27.6
Colombo,2024-03-26,22.2,31.2
Colombo,2024-03-27,21.9,31.3
Colombo,2024-03-28,29.3,38.4
Colombo,2024-03-29,25.0,30.3
Colombo,2024-03-30,24.9,33.6
Colombo,2024-03-31,26.0,32.2
Colombo,2024-04-01,22.5,28.3
Colombo,2024-04-02,26.0,32.8
Colombo,2024-04-03,24.6,30.6
Colombo,2024-04-04,24.3,31.3
Colombo,2024-04-05,25.5,30.9
Colombo,2024-04-06,26.5,33.1
Colombo,2024-04-07,20.3,29.5
Colombo,2024-04-08,23.9,29.4
Colombo,2024-04-09,29.8,37.4
Colombo,2024-04-10,26.7,32.1
Colombo,2024-04-11,24.6,32.9
Colombo,2024-04-12,22.9,31.3
Colombo,2024-04-13,22.7,31.6
Colombo,2024-04-14,27.9,35.8
Colombo,2024-04-15,25.0,31.0
Colombo,2024-04-16,22.2,27.2
Colombo,2024-04-17,25.6,32.9
Colombo,2024-04-18,23.1,28.9
Colombo,2024-04-19,22.5,30.8
Colombo,2024-04-20,23.1,32.9
Colombo,2024-04-21,22.4,29.7
Colombo,2024-04-22,20.8,28.5
Colombo,2024-04-23,25.4,33.7
Colombo,2024-04-24,24.1,31.2
Colombo,2024-04-25,19.8,24.9
Colombo,2024-04-26,17.6,25.2
Colombo,2024-04-27,25.2,34.3
Colombo,2024-04-28,26.9,33.8
Colombo,2024-04-29,29.2,37.3
Colombo,2024-04-30,23.7,32.5
Colombo,2024-05-01,24.5,34.0
Colombo,2024-05-02,21.7,30.9
Colombo,2024-05-03,20.4,26.9
Colombo,2024-05-04,24.3,29.6
Colombo,2024-05-05,22.7,28.6
Colombo,2024-05-06,24.4,30.6
Colombo,2024-05-07,24.8,34.5
Colombo,2024-05-08,21.1,29.0
Colombo,2024-05-09,26.2,34.6
Colombo,2024-05-10,25.3,33.9
Colombo,2024-05-11,27.5,32.5
Colombo,2024-05-12,25.7,32.1
Colombo,2024-05-13,22.6,32.3
Colombo,2024-05-14,22.9,28.5
Colombo,2024-05-15,23.9,29.5
Colombo,2024-05-16,21.6,29.7
Colombo,2024-05-17,25.5,31.1
Colombo,2024-05-18,24.3,31.2
Colombo,2024-05-19,28.1,34.2
Colombo,2024-05-20,23.0,30.7
Colombo,2024-05-21,23.1,28.9
Colombo,2024-05-22,27.4,36.3
Colombo,2024-05-23,25.7,33.8
Colombo,2024-05-24,21.6,28.6
Colombo,2024-05-25,22.3,30.2
Colombo,2024-05-26,25.2,34.7
Colombo,2024-05-27,23.1,32.2
Colombo,2024-05-28,23.7,32.7
Colombo,2024-05-29,23.2,31.9
Colombo,2024-05-30,28.9,35.2
Colombo,2024-05-31,21.4,28.4
Colombo,2024-06-01,21.5,28.3
Colombo,2024-06-02,23.8,32.1
Colombo,2024-06-03,24.9,33.0
Colombo,2024-06-04,23.2,29.6
Colombo,2024-06-05,20.7,26.9
Colombo,2024-06-06,23.5,31.6
Colombo,2024-06-07,22.1,31.7
Colombo,2024-06-08,26.4,34.5
Colombo,2024-06-09,26.2,33.4
Colombo,2024-06-10,22.5,30.6
Colombo,2024-06-11,23.3,30.8
Colombo,2024-06-12,25.9,34.5
Colombo,2024-06-13,26.3,34.0
Colombo,2024-06-14,22.3,28.3
Colombo,2024-06-15,27.0,33.0
Colombo,2024-06-16,26.0,34.3
Colombo,2024-06-17,28.2,34.7
Colombo,2024-06-18,26.0,33.1
Colombo,2024-06-19,20.7,25.8
Colombo,2024-06-20,24.3,29.4
Colombo,2024-06-21,24.7,32.0
Colombo,2024-06-22,24.9,33.7
Colombo,2024-06-23,25.6,32.1
Colombo,2024-06-24,23.5,32.8
Colombo,2024-06-25,24.5,33.9
Colombo,2024-06-26,23.5,30.9
Colombo,2024-06-27,20.0,26.2
Colombo,2024-06-28,23.4,30.4
Colombo,2024-06-29,21.8,30.1
Colombo,2024-06-30,25.1,32.3
Colombo,2024-07-01,28.3,34.4
Colombo,2024-07-02,24.2,31.6
Colombo,2024-07-03,24.0,31.2
Colombo,2024-07-04,23.8,30.6
Colombo,2024-07-05,23.6,30.9
Colombo,2024-07-06,23.8,29.4
Colombo,2024-07-07,24.0,29.7
Colombo,2024-07-08,25.9,35.8
Colombo,2024-07-09,23.9,29.9
Colombo,2024-07-10,23.4,31.8
Colombo,2024-07-11,22.1,31.7
Colombo,2024-07-12,23.2,29.2
Colombo,2024-07-13,24.6,29.6
Colombo,2024-07-14,26.3,31.5
Colombo,2024-07-15,24.4,32.1
Colombo,2024-07-16,24.8,31.1
Colombo,2024-07-17,24.4,33.4
Colombo,2024-07-18,21.1,28.5
Colombo,2024-07-19,23.5,30.2
Colombo,2024-07-20,25.4,32.0
Colombo,2024-07-21,25.2,32.8
Colombo,2024-07-22,24.5,31.1
Colombo,2024-07-23,23.4,28.7
Colombo,2024-07-24,25.8,32.0
Colombo,2024-07-25,23.1,32.7
Colombo,2024-07-26,27.6,33.3
Colombo,2024-07-27,24.1,33.6
Colombo,2024-07-28,26.0,34.7
Colombo,2024-07-29,22.8,30.2
Colombo,2024-07-30,23.8,30.1
Colombo,2024-07-31,25.1,30.8
Colombo,2024-08-01,23.9,32.9
Colombo,2024-08-02,22.8,31.3
Colombo,2024-08-03,28.3,37.5
Colombo,2024-08-04,24.9,32.5
Colombo,2024-08-05,25.4,30.8
Colombo,2024-08-06,21.8,31.2
Colombo,2024-08-07,23.5,29.3
Colombo,2024-08-08,23.1,31.8
Colombo,2024-08-09,23.3,31.9
Colombo,2024-08-10,22.7,31.7
Colombo,2024-08-11,26.0,32.9
Colombo,2024-08-12,23.5,32.0
Colombo,2024-08-13,27.4,37.1
Colombo,2024-08-14,24.8,34.6
Colombo,2024-08-15,23.6,29.9
Colombo,2024-08-16,23.2,31.8
Colombo,2024-08-17,19.7,28.6
Colombo,2024-08-18,25.6,31.6
Colombo,2024-08-19,19.9,29.0
Colombo,2024-08-20,25.0,33.3
Colombo,2024-08-21,24.0,29.6
Colombo,2024-08-22,24.0,29.7
Colombo,2024-08-23,25.5,30.9
Colombo,2024-08-24,25.5,30.5
Colombo,2024-08-25,22.9,32.8
Colombo,2024-08-26,26.4,34.2
Colombo,2024-08-27,23.3,30.1
Colombo,2024-08-28,24.4,31.1
Colombo,2024-08-29,24.8,34.4
Colombo,2024-08-30,25.8,33.9
Colombo,2024-08-31,25.5,34.3
Colombo,2024-09-01,25.8,35.7
Colombo,2024-09-02,24.9,34.0
Colombo,2024-09-03,21.5,31.2
Colombo,2024-09-04,23.7,28.9
Colombo,2024-09-05,25.8,31.5
Colombo,2024-09-06,19.9,26.3
Colombo,2024-09-07,23.0,28.3
Colombo,2024-09-08,21.7,27.8
Colombo,2024-09-09,26.8,33.1
Colombo,2024-09-10,25.4,33.9
Colombo,2024-09-11,23.2,32.8
Colombo,2024-09-12,27.2,37.2
Colombo,2024-09-13,23.9,30.6
Colombo,2024-09-14,27.0,36.7
Colombo,2024-09-15,23.6,32.7
Colombo,2024-09-16,23.7,29.4
Colombo,2024-09-17,23.0,31.4
Colombo,2024-09-18,27.0,33.8
Colombo,2024-09-19,25.4,34.2
Colombo,2024-09-20,24.1,33.2
Colombo,2024-09-21,24.6,34.0
Colombo,2024-09-22,25.4,32.0
Colombo,2024-09-23,24.8,32.2
Colombo,2024-09-24,30.4,38.1
Colombo,2024-09-25,25.7,30.8
Colombo,2024-09-26,25.9,34.9
Colombo,2024-09-27,23.5,30.7
Colombo,2024-09-28,23.5,30.8
Colombo,2024-09-29,23.8,31.3
Colombo,2024-09-30,21.1,29.9
Colombo,2024-10-01,24.7,31.1
Colombo,2024-10-02,23.5,32.9
Colombo,2024-10-03,22.3,30.1
Colombo,2024-10-04,24.3,31.4
Colombo,2024-10-05,25.2,34.9
Colombo,2024-10-06,25.2,33.9
Colombo,2024-10-07,25.8,35.1
Colombo,2024-10-08,20.3,25.9
Colombo,2024-10-09,23.3,30.2
Colombo,2024-10-10,23.5,33.2
Colombo,2024-10-11,23.5,30.3
Colombo,2024-10-12,25.7,34.3
Colombo,2024-10-13,20.0,27.8
Colombo,2024-10-14,23.8,32.7
Colombo,2024-10-15,23.2,30.8
Colombo,2024-10-16,28.5,36.4
Colombo,2024-10-17,22.1,30.3
Colombo,2024-10-18,23.6,28.9
Colombo,2024-10-19,26.5,32.9
Colombo,2024-10-20,20.9,30.4
Colombo,2024-10-21,27.8,35.0
Colombo,2024-10-22,25.5,34.4
Colombo,2024-10-23,23.9,31.6
Colombo,2024-10-24,26.7,36.6
Colombo,2024-10-25,24.3,32.4
Colombo,2024-10-26,21.0,30.8
Colombo,2024-10-27,22.8,30.3
Colombo,2024-10-28,22.0,28.9
Colombo,2024-10-29,25.1,32.9
Colombo,2024-10-30,25.6,31.0
Colombo,2024-10-31,23.4,31.3
Colombo,2024-11-01,23.9,32.1
Colombo,2024-11-02,25.7,33.0
Colombo,2024-11-03,22.4,28.6
Colombo,2024-11-04,26.9,34.8
Colombo,2024-11-05,24.6,33.1
Colombo,2024-11-06,23.8,29.6
Colombo,2024-11-07,21.5,31.4
Colombo,2024-11-08,24.6,31.9
Colombo,2024-11-09,25.0,31.8
Colombo,2024-11-10,22.9,28.0
Colombo,2024-11-11,26.1,31.8
Colombo,2024-11-12,24.2,30.7
Colombo,2024-11-13,25.2,34.6
Colombo,2024-11-14,25.9,33.5
Colombo,2024-11-15,18.6,24.0
Colombo,2024-11-16,22.0,30.3
Colombo,2024-11-17,24.9,31.9
Colombo,2024-11-18,21.3,29.2
Colombo,2024-11-19,24.0,32.8
Colombo,2024-11-20,28.5,33.6
Colombo,2024-11-21,24.1,32.8
Colombo,2024-11-22,24.8,30.9
Colombo,2024-11-23,24.2,31.9
Colombo,2024-11-24,24.2,32.9
Colombo,2024-11-25,21.3,28.6
Colombo,2024-11-26,23.6,29.4
Colombo,2024-11-27,26.9,34.6
Colombo,2024-11-28,24.5,30.9
Colombo,2024-11-29,26.0,31.6
Colombo,2024-11-30,25.2,32.1
Colombo,2024-12-01,27.2,34.7
Colombo,2024-12-02,24.0,33.7
Colombo,2024-12-03,24.3,31.0
Colombo,2024-12-04,21.8,29.7
Colombo,2024-12-05,23.1,32.1
Colombo,2024-12-06,28.2,36.9
Colombo,2024-12-07,24.8,32.7
Colombo,2024-12-08,24.0,30.0
Colombo,2024-12-09,21.4,27.4
Colombo,2024-12-10,25.0,34.5
Colombo,2024-12-11,23.9,32.2
Colombo,2024-12-12,22.2,31.3
Colombo,2024-12-13,22.6,31.9
Colombo,2024-12-14,25.2,31.7
Colombo,2024-12-15,25.2,32.5
Colombo,2024-12-16,21.7,28.6
Colombo,2024-12-17,26.6,36.2
Colombo,2024-12-18,23.7,30.7
Colombo,2024-12-19,25.8,34.2
Colombo,2024-12-20,22.3,27.9
Colombo,2024-12-21,22.1,31.4
Colombo,2024-12-22,25.5,31.0
Colombo,2024-12-23,25.4,32.1
Colombo,2024-12-24,24.1,32.1
Colombo,2024-12-25,22.6,29.8
Colombo,2024-12-26,22.0,27.5
Colombo,2024-12-27,22.4,30.8
Colombo,2024-12-28,21.2,29.2
Colombo,2024-12-29,26.2,34.3
Colombo,2024-12-30,25.6,31.0
Colombo,2024-12-31,24.0,32.5
Colombo,2025-01-01,25.8,32.8
Colombo,2025-01-02,21.5,27.4
Colombo,2025-01-03,23.8,31.2
Colombo,2025-01-04,24.0,33.4
Colombo,2025-01-05,27.0,33.8
Colombo,2025-01-06,26.2,32.3
Colombo,2025-01-07,24.6,33.8
Colombo,2025-01-08,23.2,33.1
Colombo,2025-01-09,24.9,34.6
Colombo,2025-01-10,24.5,31.7
Colombo,2025-01-11,23.9,30.0
Colombo,2025-01-12,19.5,27.8
Colombo,2025-01-13,26.3,33.0
Colombo,2025-01-14,25.6,33.5
Colombo,2025-01-15,28.5,37.3
Colombo,2025-01-16,21.9,27.6
Colombo,2025-01-17,20.7,27.4
Colombo,2025-01-18,24.1,32.4
Colombo,2025-01-19,24.7,34.1
Colombo,2025-01-20,26.5,33.4
Colombo,2025-01-21,25.1,32.9
Colombo,2025-01-22,23.6,32.3
Colombo,2025-01-23,20.7,28.5
Colombo,2025-01-24,25.0,30.9
Colombo,2025-01-25,25.2,34.1
Colombo,2025-01-26,22.9,29.6
Colombo,2025-01-27,21.9,31.1
Colombo,2025-01-28,23.4,32.3
Colombo,2025-01-29,26.0,31.4
Colombo,2025-01-30,21.8,30.2
Colombo,2025-01-31,25.8,33.2
Colombo,2025-02-01,25.2,30.3
Colombo,2025-02-02,27.9,35.2
Colombo,2025-02-03,27.1,33.9
Colombo,2025-02-04,22.2,28.3
Colombo,2025-02-05,22.2,31.5
Colombo,2025-02-06,25.3,32.8
Colombo,2025-02-07,25.2,33.3
Colombo,2025-02-08,23.7,29.5
Colombo,2025-02-09,19.7,29.6
Colombo,2025-02-10,22.3,32.1
Colombo,2025-02-11,27.0,32.3
Colombo,2025-02-12,24.4,32.8
Colombo,2025-02-13,19.1,28.4
Colombo,2025-02-14,19.6,26.3
Colombo,2025-02-15,23.6,29.2
Colombo,2025-02-16,25.3,32.1
Colombo,2025-02-17,24.2,33.0
Colombo,2025-02-18,22.0,29.7
Colombo,2025-02-19,21.7,28.5
Colombo,2025-02-20,23.8,30.8
Colombo,2025-02-21,23.0,29.4
Colombo,2025-02-22,22.8,32.0
Colombo,2025-02-23,24.7,30.9
Colombo,2025-02-24,26.1,31.6
Colombo,2025-02-25,21.4,31.2
Colombo,2025-02-26,27.7,34.7
Colombo,2025-02-27,23.7,32.9
Colombo,2025-02-28,24.4,32.1
Colombo,2025-03-01,23.4,32.4
Colombo,2025-03-02,21.4,28.4
Colombo,2025-03-03,23.7,30.4
Colombo,2025-03-04,27.5,34.5
Colombo,2025-03-05,24.0,30.3
Colombo,2025-03-06,22.9,29.2
Colombo,2025-03-07,24.1,31.6
Colombo,2025-03-08,25.4,31.5
Colombo,2025-03-09,23.1,32.4
Colombo,2025-03-10,26.3,33.7
Colombo,2025-03-11,24.9,31.1
Colombo,2025-03-12,24.5,30.1
Colombo,2025-03-13,23.1,30.1
Colombo,2025-03-14,23.7,31.6
Colombo,2025-03-15,24.0,30.9
Colombo,2025-03-16,25.0,34.1
Colombo,2025-03-17,25.2,33.7
Colombo,2025-03-18,25.3,31.7
Colombo,2025-03-19,24.3,30.6
Colombo,2025-03-20,25.8,31.2
Colombo,2025-03-21,22.6,32.2
Colombo,2025-03-22,22.8,28.9
Colombo,2025-03-23,25.2,33.3
Colombo,2025-03-24,23.2,31.3
Colombo,2025-03-25,25.0,33.7
Colombo,2025-03-26,25.4,34.7
Colombo,2025-03-27,26.1,35.2
Colombo,2025-03-28,23.4,31.6
Colombo,2025-03-29,24.6,33.5
Colombo,2025-03-30,25.2,30.5
Colombo,2025-03-31,25.6,31.9
Colombo,2025-04-01,22.0,29.6
Colombo,2025-04-02,27.3,36.0
Colombo,2025-04-03,20.1,28.0
Colombo,2025-04-04,23.7,28.8
Colombo,2025-04-05,23.2,29.1
Colombo,2025-04-06,23.0,32.0
Colombo,2025-04-07,23.4,30.4
Colombo,2025-04-08,24.1,31.1
Colombo,2025-04-09,25.5,34.9
Colombo,2025-04-10,27.2,34.1
Colombo,2025-04-11,19.1,24.5
Colombo,2025-04-12,25.6,33.5
Colombo,2025-04-13,22.8,28.7
Colombo,2025-04-14,23.6,29.6
Colombo,2025-04-15,27.0,34.5
Colombo,2025-04-16,23.5,33.0
Colombo,2025-04-17,24.8,32.9
Colombo,2025-04-18,25.6,31.5
Colombo,2025-04-19,24.6,31.9
Colombo,2025-04-20,26.2,34.3
Colombo,2025-04-21,24.9,34.1
Colombo,2025-04-22,23.7,33.1
Colombo,2025-04-23,26.7,34.1
Colombo,2025-04-24,24.8,33.5
Colombo,2025-04-25,23.6,32.7
Colombo,2025-04-26,23.2,30.9
Colombo,2025-04-27,21.9,30.5
Colombo,2025-04-28,26.1,33.7
Colombo,2025-04-29,26.8,33.6
Colombo,2025-04-30,27.0,36.6
Colombo,2025-05-01,23.7,29.2
Colombo,2025-05-02,26.4,36.3
Colombo,2025-05-03,21.5,28.6
Colombo,2025-05-04,23.0,31.2
Colombo,2025-05-05,23.1,31.9
Colombo,2025-05-06,21.4,31.4
Colombo,2025-05-07,27.0,34.2
Colombo,2025-05-08,24.2,33.6
Colombo,2025-05-09,27.0,34.8
Colombo,2025-05-10,27.1,33.9
Colombo,2025-05-11,28.0,36.1
Colombo,2025-05-12,27.0,34.1
Colombo,2025-05-13,25.0,30.6
Colombo,2025-05-14,20.5,28.6
Colombo,2025-05-15,23.3,30.4
Colombo,2025-05-16,24.5,33.0
Colombo,2025-05-17,26.7,35.1
Colombo,2025-05-18,23.0,32.5
Colombo,2025-05-19,23.8,31.7
Colombo,2025-05-20,26.2,34.0
Colombo,2025-05-21,21.5,28.7
Colombo,2025-05-22,23.5,31.0
Colombo,2025-05-23,25.0,32.0
Colombo,2025-05-24,26.2,32.7
Colombo,2025-05-25,24.4,29.5
Colombo,2025-05-26,26.9,34.6
Colombo,2025-05-27,21.9,31.5
Colombo,2025-05-28,20.2,27.0
Colombo,2025-05-29,25.3,34.2
Colombo,2025-05-30,25.1,31.4
Colombo,2025-05-31,20.4,26.4
Colombo,2025-06-01,22.6,27.7
Colombo,2025-06-02,22.7,29.0
Colombo,2025-06-03,21.9,28.4
Colombo,2025-06-04,26.7,32.4
Colombo,2025-06-05,19.9,29.8
Colombo,2025-06-06,25.6,35.1
Colombo,2025-06-07,26.9,35.2
Colombo,2025-06-08,23.7,30.5
Colombo,2025-06-09,25.5,33.9
Colombo,2025-06-10,21.8,31.3
Colombo,2025-06-11,25.4,34.1
Colombo,2025-06-12,22.1,29.1
Colombo,2025-06-13,27.1,32.9
Colombo,2025-06-14,25.8,33.2
Colombo,2025-06-15,23.7,33.7
Colombo,2025-06-16,21.2,30.1
Colombo,2025-06-17,26.0,34.3
Colombo,2025-06-18,23.0,29.4
Colombo,2025-06-19,24.6,31.5
Colombo,2025-06-20,23.5,32.1
Colombo,2025-06-21,24.8,33.4
Colombo,2025-06-22,23.1,31.1
Colombo,2025-06-23,19.9,29.1
